request,Candidate:token,Candidate:id,Candidate,Candidate_Entity:token,Candidate_Entity:id,Candidate_Entity,Election_Status:token,Election_Status:id,Election_Status,Status_of_Candidate:token,Status_of_Candidate:id,Status_of_Candidate,Specific_Party:token,Specific_Party:id,Specific_Party,General_Party:token,General_Party:id,General_Party,Election_Jurisdiction:token,Election_Jurisdiction:id,Election_Jurisdiction,Election_Year:token,Election_Year:id,Election_Year,Election_Type:token,Election_Type:id,Election_Type,Office_Sought:token,Office_Sought:id,Office_Sought,Incumbency_Status:token,Incumbency_Status:id,Incumbency_Status,General_Office:token,General_Office:id,General_Office,#_of_Records,Total_$
dt=1&s=WI&y=2000&c-exi=1&c-r-ot=H&c-t-id=102098&c-r-ot=H,c-t-id,102098,"JENSEN, SCOTT R",c-t-eid,4123910,"JENSEN, SCOTT R",c-t-ftsts,Won-General,Won-General,c-t-sts,1,Won,c-t-pt,139,REPUBLICAN,c-t-p,2,Republican,s,WI,WI,y,2000,2000,c-r-t,1,Standard,c-r-osid,8678,"ASSEMBLY DISTRICT 032",c-t-ico,I,Incumbent,c-r-ot,H,"State House/Assembly",2218,615014.99
dt=1&s=WI&y=2000&c-exi=1&c-r-ot=H&c-t-id=102050&c-r-ot=H,c-t-id,102050,"FOTI, STEVEN M",c-t-eid,6588502,"FOTI, STEVEN M",c-t-ftsts,Won-General,Won-General,c-t-sts,1,Won,c-t-pt,139,REPUBLICAN,c-t-p,2,Republican,s,WI,WI,y,2000,2000,c-r-t,1,Standard,c-r-osid,8684,"ASSEMBLY DISTRICT 038",c-t-ico,I,Incumbent,c-r-ot,H,"State House/Assembly",648,130327.70
dt=1&s=WI&y=2000&c-exi=1&c-r-ot=H&c-t-id=102040&c-r-ot=H,c-t-id,102040,"KRUG, SHIRLEY",c-t-eid,13009484,"KRUG, SHIRLEY",c-t-ftsts,Won-General,Won-General,c-t-sts,1,Won,c-t-pt,33,DEMOCRATIC,c-t-p,1,Democratic,s,WI,WI,y,2000,2000,c-r-t,1,Standard,c-r-osid,8658,"ASSEMBLY DISTRICT 012",c-t-ico,I,Incumbent,c-r-ot,H,"State House/Assembly",473,123030.32
dt=1&s=WI&y=2000&c-exi=1&c-r-ot=H&c-t-id=102056&c-r-ot=H,c-t-id,102056,"BLACK, SPENCER",c-t-eid,2593958,"BLACK, SPENCER",c-t-ftsts,Won-General,Won-General,c-t-sts,1,Won,c-t-pt,33,DEMOCRATIC,c-t-p,1,Democratic,s,WI,WI,y,2000,2000,c-r-t,1,Standard,c-r-osid,8723,"ASSEMBLY DISTRICT 077",c-t-ico,I,Incumbent,c-r-ot,H,"State House/Assembly",29,121677.76
dt=1&s=WI&y=2000&c-exi=1&c-r-ot=H&c-t-id=102150&c-r-ot=H,c-t-id,102150,"LIPPERT, MARYANN T",c-t-eid,6651156,"LIPPERT, MARYANN T",c-t-ftsts,Won-General,Won-General,c-t-sts,1,Won,c-t-pt,139,REPUBLICAN,c-t-p,2,Republican,s,WI,WI,y,2000,2000,c-r-t,1,Standard,c-r-osid,8716,"ASSEMBLY DISTRICT 070",c-t-ico,O,Open,c-r-ot,H,"State House/Assembly",558,114463.25
dt=1&s=WI&y=2000&c-exi=1&c-r-ot=H&c-t-id=102123&c-r-ot=H,c-t-id,102123,"WASSERMAN, SHELDON A",c-t-eid,3119644,"WASSERMAN, SHELDON A",c-t-ftsts,Won-General,Won-General,c-t-sts,1,Won,c-t-pt,33,DEMOCRATIC,c-t-p,1,Democratic,s,WI,WI,y,2000,2000,c-r-t,1,Standard,c-r-osid,8668,"ASSEMBLY DISTRICT 022",c-t-ico,I,Incumbent,c-r-ot,H,"State House/Assembly",357,112421.83
dt=1&s=WI&y=2000&c-exi=1&c-r-ot=H&c-t-id=102164&c-r-ot=H,c-t-id,102164,"PETROWSKI, JERRY",c-t-eid,3185708,"PETROWSKI, JERRY",c-t-ftsts,Won-General,Won-General,c-t-sts,1,Won,c-t-pt,139,REPUBLICAN,c-t-p,2,Republican,s,WI,WI,y,2000,2000,c-r-t,1,Standard,c-r-osid,8732,"ASSEMBLY DISTRICT 086",c-t-ico,I,Incumbent,c-r-ot,H,"State House/Assembly",548,109728.35
dt=1&s=WI&y=2000&c-exi=1&c-r-ot=H&c-t-id=102109&c-r-ot=H,c-t-id,102109,"RILEY, ANTONIO R",c-t-eid,6391262,"RILEY, ANTONIO R",c-t-ftsts,Won-General,Won-General,c-t-sts,1,Won,c-t-pt,33,DEMOCRATIC,c-t-p,1,Democratic,s,WI,WI,y,2000,2000,c-r-t,1,Standard,c-r-osid,8664,"ASSEMBLY DISTRICT 018",c-t-ico,I,Incumbent,c-r-ot,H,"State House/Assembly",461,102544.30
dt=1&s=WI&y=2000&c-exi=1&c-r-ot=H&c-t-id=102075&c-r-ot=H,c-t-id,102075,"GARD, JOHN G",c-t-eid,6588610,"GARD, JOHN G",c-t-ftsts,Won-General,Won-General,c-t-sts,1,Won,c-t-pt,139,REPUBLICAN,c-t-p,2,Republican,s,WI,WI,y,2000,2000,c-r-t,1,Standard,c-r-osid,8735,"ASSEMBLY DISTRICT 089",c-t-ico,I,Incumbent,c-r-ot,H,"State House/Assembly",340,98130.77
dt=1&s=WI&y=2000&c-exi=1&c-r-ot=H&c-t-id=102102&c-r-ot=H,c-t-id,102102,"LADWIG, BONNIE L",c-t-eid,6588794,"LADWIG, BONNIE L",c-t-ftsts,Won-General,Won-General,c-t-sts,1,Won,c-t-pt,139,REPUBLICAN,c-t-p,2,Republican,s,WI,WI,y,2000,2000,c-r-t,1,Standard,c-r-osid,8709,"ASSEMBLY DISTRICT 063",c-t-ico,I,Incumbent,c-r-ot,H,"State House/Assembly",256,96002.83
dt=1&s=WI&y=2000&c-exi=1&c-r-ot=H&c-t-id=102126&c-r-ot=H,c-t-id,102126,"HOVEN, TIMOTHY",c-t-eid,6651102,"HOVEN, TIMOTHY",c-t-ftsts,Won-General,Won-General,c-t-sts,1,Won,c-t-pt,139,REPUBLICAN,c-t-p,2,Republican,s,WI,WI,y,2000,2000,c-r-t,1,Standard,c-r-osid,8706,"ASSEMBLY DISTRICT 060",c-t-ico,I,Incumbent,c-r-ot,H,"State House/Assembly",387,93500.37
dt=1&s=WI&y=2000&c-exi=1&c-r-ot=H&c-t-id=102110&c-r-ot=H,c-t-id,102110,"SKINDRUD, RICK",c-t-eid,6588822,"SKINDRUD, RICK",c-t-ftsts,Won-General,Won-General,c-t-sts,1,Won,c-t-pt,139,REPUBLICAN,c-t-p,2,Republican,s,WI,WI,y,2000,2000,c-r-t,1,Standard,c-r-osid,8725,"ASSEMBLY DISTRICT 079",c-t-ico,I,Incumbent,c-r-ot,H,"State House/Assembly",482,92569.77
dt=1&s=WI&y=2000&c-exi=1&c-r-ot=H&c-t-id=102181&c-r-ot=H,c-t-id,102181,"KRAWCZYK, JUDY",c-t-eid,13009690,"KRAWCZYK, JUDY",c-t-ftsts,Won-General,Won-General,c-t-sts,1,Won,c-t-pt,139,REPUBLICAN,c-t-p,2,Republican,s,WI,WI,y,2000,2000,c-r-t,1,Standard,c-r-osid,8734,"ASSEMBLY DISTRICT 088",c-t-ico,O,Open,c-r-ot,H,"State House/Assembly",398,84639.15
dt=1&s=WI&y=2000&c-exi=1&c-r-ot=H&c-t-id=102157&c-r-ot=H,c-t-id,102157,"LEIBHAM, JOE",c-t-eid,3197153,"LEIBHAM, JOE",c-t-ftsts,Won-General,Won-General,c-t-sts,1,Won,c-t-pt,139,REPUBLICAN,c-t-p,2,Republican,s,WI,WI,y,2000,2000,c-r-t,1,Standard,c-r-osid,8672,"ASSEMBLY DISTRICT 026",c-t-ico,I,Incumbent,c-r-ot,H,"State House/Assembly",368,83004.53
dt=1&s=WI&y=2000&c-exi=1&c-r-ot=H&c-t-id=102091&c-r-ot=H,c-t-id,102091,"WALKER, SCOTT K",c-t-eid,4656950,"WALKER, SCOTT K",c-t-ftsts,Won-General,Won-General,c-t-sts,1,Won,c-t-pt,139,REPUBLICAN,c-t-p,2,Republican,s,WI,WI,y,2000,2000,c-r-t,1,Standard,c-r-osid,8660,"ASSEMBLY DISTRICT 014",c-t-ico,I,Incumbent,c-r-ot,H,"State House/Assembly",348,78966.77
dt=1&s=WI&y=2000&c-exi=1&c-r-ot=H&c-t-id=102089&c-r-ot=H,c-t-id,102089,"HAHN, EUGENE",c-t-eid,3250749,"HAHN, EUGENE",c-t-ftsts,Won-General,Won-General,c-t-sts,1,Won,c-t-pt,139,REPUBLICAN,c-t-p,2,Republican,s,WI,WI,y,2000,2000,c-r-t,1,Standard,c-r-osid,8693,"ASSEMBLY DISTRICT 047",c-t-ico,I,Incumbent,c-r-ot,H,"State House/Assembly",394,78853.19
dt=1&s=WI&y=2000&c-exi=1&c-r-ot=H&c-t-id=102163&c-r-ot=H,c-t-id,102163,"RHOADES, KITTY",c-t-eid,2929022,"RHOADES, KITTY",c-t-ftsts,Won-General,Won-General,c-t-sts,1,Won,c-t-pt,139,REPUBLICAN,c-t-p,2,Republican,s,WI,WI,y,2000,2000,c-r-t,1,Standard,c-r-osid,8676,"ASSEMBLY DISTRICT 030",c-t-ico,I,Incumbent,c-r-ot,H,"State House/Assembly",429,77680.90
dt=1&s=WI&y=2000&c-exi=1&c-r-ot=H&c-t-id=48616&c-r-ot=H,c-t-id,48616,"NICKEL, TED",c-t-eid,6652948,"NICKEL, TED",c-t-ftsts,Lost-General,Lost-General,c-t-sts,2,Lost,c-t-pt,139,REPUBLICAN,c-t-p,2,Republican,s,WI,WI,y,2000,2000,c-r-t,1,Standard,c-r-osid,8681,"ASSEMBLY DISTRICT 035",c-t-ico,C,Challenger,c-r-ot,H,"State House/Assembly",420,69950.00
dt=1&s=WI&y=2000&c-exi=1&c-r-ot=H&c-t-id=102111&c-r-ot=H,c-t-id,102111,"KREIBICH, ROB",c-t-eid,2935038,"KREIBICH, ROB",c-t-ftsts,Won-General,Won-General,c-t-sts,1,Won,c-t-pt,139,REPUBLICAN,c-t-p,2,Republican,s,WI,WI,y,2000,2000,c-r-t,1,Standard,c-r-osid,8739,"ASSEMBLY DISTRICT 093",c-t-ico,I,Incumbent,c-r-ot,H,"State House/Assembly",155,69557.24
dt=1&s=WI&y=2000&c-exi=1&c-r-ot=H&c-t-id=102172&c-r-ot=H,c-t-id,102172,"FITZGERALD, JEFF",c-t-eid,3236546,"FITZGERALD, JEFF",c-t-ftsts,Won-General,Won-General,c-t-sts,1,Won,c-t-pt,139,REPUBLICAN,c-t-p,2,Republican,s,WI,WI,y,2000,2000,c-r-t,1,Standard,c-r-osid,8685,"ASSEMBLY DISTRICT 039",c-t-ico,O,Open,c-r-ot,H,"State House/Assembly",132,69176.60
dt=1&s=WI&y=2000&c-exi=1&c-r-ot=H&c-t-id=102170&c-r-ot=H,c-t-id,102170,"BIES, GAREY",c-t-eid,2929732,"BIES, GAREY",c-t-ftsts,Won-General,Won-General,c-t-sts,1,Won,c-t-pt,139,REPUBLICAN,c-t-p,2,Republican,s,WI,WI,y,2000,2000,c-r-t,1,Standard,c-r-osid,8647,"ASSEMBLY DISTRICT 001",c-t-ico,O,Open,c-r-ot,H,"State House/Assembly",347,67794.53
dt=1&s=WI&y=2000&c-exi=1&c-r-ot=H&c-t-id=102176&c-r-ot=H,c-t-id,102176,"SHILLING, JENNIFER K",c-t-eid,2920065,"SHILLING, JENNIFER K",c-t-ftsts,Won-General,Won-General,c-t-sts,1,Won,c-t-pt,33,DEMOCRATIC,c-t-p,1,Democratic,s,WI,WI,y,2000,2000,c-r-t,1,Standard,c-r-osid,8741,"ASSEMBLY DISTRICT 095",c-t-ico,O,Open,c-r-ot,H,"State House/Assembly",276,67697.16
dt=1&s=WI&y=2000&c-exi=1&c-r-ot=H&c-t-id=102118&c-r-ot=H,c-t-id,102118,"PETTIS, MARK L",c-t-eid,13009516,"PETTIS, MARK L",c-t-ftsts,Won-General,Won-General,c-t-sts,1,Won,c-t-pt,139,REPUBLICAN,c-t-p,2,Republican,s,WI,WI,y,2000,2000,c-r-t,1,Standard,c-r-osid,8674,"ASSEMBLY DISTRICT 028",c-t-ico,I,Incumbent,c-r-ot,H,"State House/Assembly",346,67362.20
dt=1&s=WI&y=2000&c-exi=1&c-r-ot=H&c-t-id=102074&c-r-ot=H,c-t-id,102074,"UNDERHEIM, GREGG A",c-t-eid,3022662,"UNDERHEIM, GREGG A",c-t-ftsts,Won-General,Won-General,c-t-sts,1,Won,c-t-pt,139,REPUBLICAN,c-t-p,2,Republican,s,WI,WI,y,2000,2000,c-r-t,1,Standard,c-r-osid,8700,"ASSEMBLY DISTRICT 054",c-t-ico,I,Incumbent,c-r-ot,H,"State House/Assembly",317,67235.74
dt=1&s=WI&y=2000&c-exi=1&c-r-ot=H&c-t-id=102099&c-r-ot=H,c-t-id,102099,"ALBERS, SHERYL",c-t-eid,3436311,"ALBERS, SHERYL",c-t-ftsts,Won-General,Won-General,c-t-sts,1,Won,c-t-pt,139,REPUBLICAN,c-t-p,2,Republican,s,WI,WI,y,2000,2000,c-r-t,1,Standard,c-r-osid,8696,"ASSEMBLY DISTRICT 050",c-t-ico,I,Incumbent,c-r-ot,H,"State House/Assembly",157,65437.19
dt=1&s=WI&y=2000&c-exi=1&c-r-ot=H&c-t-id=48615&c-r-ot=H,c-t-id,48615,"WAUKAU, SARAH",c-t-eid,13009539,"WAUKAU, SARAH",c-t-ftsts,Lost-General,Lost-General,c-t-sts,2,Lost,c-t-pt,33,DEMOCRATIC,c-t-p,1,Democratic,s,WI,WI,y,2000,2000,c-r-t,1,Standard,c-r-osid,8681,"ASSEMBLY DISTRICT 035",c-t-ico,I,Incumbent,c-r-ot,H,"State House/Assembly",339,64802.00
dt=1&s=WI&y=2000&c-exi=1&c-r-ot=H&c-t-id=102069&c-r-ot=H,c-t-id,102069,"FREESE, STEPHEN J",c-t-eid,6588580,"FREESE, STEPHEN J",c-t-ftsts,Won-General,Won-General,c-t-sts,1,Won,c-t-pt,139,REPUBLICAN,c-t-p,2,Republican,s,WI,WI,y,2000,2000,c-r-t,1,Standard,c-r-osid,8697,"ASSEMBLY DISTRICT 051",c-t-ico,I,Incumbent,c-r-ot,H,"State House/Assembly",333,64197.78
dt=1&s=WI&y=2000&c-exi=1&c-r-ot=H&c-t-id=102113&c-r-ot=H,c-t-id,102113,"KREUSER, JIM",c-t-eid,13009619,"KREUSER, JIM",c-t-ftsts,Won-General,Won-General,c-t-sts,1,Won,c-t-pt,33,DEMOCRATIC,c-t-p,1,Democratic,s,WI,WI,y,2000,2000,c-r-t,1,Standard,c-r-osid,8710,"ASSEMBLY DISTRICT 064",c-t-ico,I,Incumbent,c-r-ot,H,"State House/Assembly",217,63798.68
dt=1&s=WI&y=2000&c-exi=1&c-r-ot=H&c-t-id=102115&c-r-ot=H,c-t-id,102115,"GROTHMAN, GLENN S",c-t-eid,2927726,"GROTHMAN, GLENN S",c-t-ftsts,Won-General,Won-General,c-t-sts,1,Won,c-t-pt,139,REPUBLICAN,c-t-p,2,Republican,s,WI,WI,y,2000,2000,c-r-t,1,Standard,c-r-osid,8705,"ASSEMBLY DISTRICT 059",c-t-ico,I,Incumbent,c-r-ot,H,"State House/Assembly",140,62440.87
dt=1&s=WI&y=2000&c-exi=1&c-r-ot=H&c-t-id=102106&c-r-ot=H,c-t-id,102106,"SERATTI, LORRAINE M",c-t-eid,6588817,"SERATTI, LORRAINE M",c-t-ftsts,Won-General,Won-General,c-t-sts,1,Won,c-t-pt,139,REPUBLICAN,c-t-p,2,Republican,s,WI,WI,y,2000,2000,c-r-t,1,Standard,c-r-osid,8682,"ASSEMBLY DISTRICT 036",c-t-ico,I,Incumbent,c-r-ot,H,"State House/Assembly",301,62296.94
dt=1&s=WI&y=2000&c-exi=1&c-r-ot=H&c-t-id=102093&c-r-ot=H,c-t-id,102093,"NASS, STEPHEN L",c-t-eid,2929947,"NASS, STEPHEN L",c-t-ftsts,Won-General,Won-General,c-t-sts,1,Won,c-t-pt,139,REPUBLICAN,c-t-p,2,Republican,s,WI,WI,y,2000,2000,c-r-t,1,Standard,c-r-osid,8677,"ASSEMBLY DISTRICT 031",c-t-ico,I,Incumbent,c-r-ot,H,"State House/Assembly",92,62223.97
dt=1&s=WI&y=2000&c-exi=1&c-r-ot=H&c-t-id=102167&c-r-ot=H,c-t-id,102167,"MEYER, DAN",c-t-eid,2749860,"MEYER, DAN",c-t-ftsts,Won-General,Won-General,c-t-sts,1,Won,c-t-pt,139,REPUBLICAN,c-t-p,2,Republican,s,WI,WI,y,2000,2000,c-r-t,1,Standard,c-r-osid,8680,"ASSEMBLY DISTRICT 034",c-t-ico,O,Open,c-r-ot,H,"State House/Assembly",277,61942.60
dt=1&s=WI&y=2000&c-exi=1&c-r-ot=H&c-t-id=102087&c-r-ot=H,c-t-id,102087,"HUEBSCH, MIKE",c-t-eid,3256956,"HUEBSCH, MIKE",c-t-ftsts,Won-General,Won-General,c-t-sts,1,Won,c-t-pt,139,REPUBLICAN,c-t-p,2,Republican,s,WI,WI,y,2000,2000,c-r-t,1,Standard,c-r-osid,8740,"ASSEMBLY DISTRICT 094",c-t-ico,I,Incumbent,c-r-ot,H,"State House/Assembly",348,60994.99
dt=1&s=WI&y=2000&c-exi=1&c-r-ot=H&c-t-id=102152&c-r-ot=H,c-t-id,102152,"MONTGOMERY, PHIL",c-t-eid,13009471,"MONTGOMERY, PHIL",c-t-ftsts,Won-General,Won-General,c-t-sts,1,Won,c-t-pt,139,REPUBLICAN,c-t-p,2,Republican,s,WI,WI,y,2000,2000,c-r-t,1,Standard,c-r-osid,8650,"ASSEMBLY DISTRICT 004",c-t-ico,I,Incumbent,c-r-ot,H,"State House/Assembly",310,59744.32
dt=1&s=WI&y=2000&c-exi=1&c-r-ot=H&c-t-id=102145&c-r-ot=H,c-t-id,102145,"KEDZIE, NEAL",c-t-eid,6588930,"KEDZIE, NEAL",c-t-ftsts,Won-General,Won-General,c-t-sts,1,Won,c-t-pt,139,REPUBLICAN,c-t-p,2,Republican,s,WI,WI,y,2000,2000,c-r-t,1,Standard,c-r-osid,8689,"ASSEMBLY DISTRICT 043",c-t-ico,I,Incumbent,c-r-ot,H,"State House/Assembly",255,59719.64
dt=1&s=WI&y=2000&c-exi=1&c-r-ot=H&c-t-id=48600&c-r-ot=H,c-t-id,48600,"LUDWIGSON, HOWARD",c-t-eid,13009633,"LUDWIGSON, HOWARD",c-t-ftsts,Lost-General,Lost-General,c-t-sts,2,Lost,c-t-pt,139,REPUBLICAN,c-t-p,2,Republican,s,WI,WI,y,2000,2000,c-r-t,1,Standard,c-r-osid,8714,"ASSEMBLY DISTRICT 068",c-t-ico,C,Challenger,c-r-ot,H,"State House/Assembly",316,59381.00
dt=1&s=WI&y=2000&c-exi=1&c-r-ot=H&c-t-id=102161&c-r-ot=H,c-t-id,102161,"SCHOOFF, DAN",c-t-eid,6391351,"SCHOOFF, DAN",c-t-ftsts,Won-General,Won-General,c-t-sts,1,Won,c-t-pt,33,DEMOCRATIC,c-t-p,1,Democratic,s,WI,WI,y,2000,2000,c-r-t,1,Standard,c-r-osid,8691,"ASSEMBLY DISTRICT 045",c-t-ico,I,Incumbent,c-r-ot,H,"State House/Assembly",328,59000.84
dt=1&s=WI&y=2000&c-exi=1&c-r-ot=H&c-t-id=102174&c-r-ot=H,c-t-id,102174,"FRISKE, DONALD R",c-t-eid,13009538,"FRISKE, DONALD R",c-t-ftsts,Won-General,Won-General,c-t-sts,1,Won,c-t-pt,139,REPUBLICAN,c-t-p,2,Republican,s,WI,WI,y,2000,2000,c-r-t,1,Standard,c-r-osid,8681,"ASSEMBLY DISTRICT 035",c-t-ico,C,Challenger,c-r-ot,H,"State House/Assembly",197,55989.97
dt=1&s=WI&y=2000&c-exi=1&c-r-ot=H&c-t-id=102138&c-r-ot=H,c-t-id,102138,"HUNDERTMARK, JEAN",c-t-eid,2932485,"HUNDERTMARK, JEAN",c-t-ftsts,Won-General,Won-General,c-t-sts,1,Won,c-t-pt,139,REPUBLICAN,c-t-p,2,Republican,s,WI,WI,y,2000,2000,c-r-t,1,Standard,c-r-osid,8686,"ASSEMBLY DISTRICT 040",c-t-ico,I,Incumbent,c-r-ot,H,"State House/Assembly",303,55967.90
dt=1&s=WI&y=2000&c-exi=1&c-r-ot=H&c-t-id=48627&c-r-ot=H,c-t-id,48627,"VRUWINK, AMY SUE",c-t-eid,13009637,"VRUWINK, AMY SUE",c-t-ftsts,Lost-General,Lost-General,c-t-sts,2,Lost,c-t-pt,33,DEMOCRATIC,c-t-p,1,Democratic,s,WI,WI,y,2000,2000,c-r-t,1,Standard,c-r-osid,8716,"ASSEMBLY DISTRICT 070",c-t-ico,O,Open,c-r-ot,H,"State House/Assembly",306,55340.00
dt=1&s=WI&y=2000&c-exi=1&c-r-ot=H&c-t-id=48622&c-r-ot=H,c-t-id,48622,"PEGGS, STEVEN R",c-t-eid,13009692,"PEGGS, STEVEN R",c-t-ftsts,Lost-General,Lost-General,c-t-sts,2,Lost,c-t-pt,33,DEMOCRATIC,c-t-p,1,Democratic,s,WI,WI,y,2000,2000,c-r-t,1,Standard,c-r-osid,8734,"ASSEMBLY DISTRICT 088",c-t-ico,O,Open,c-r-ot,H,"State House/Assembly",400,53197.00
dt=1&s=WI&y=2000&c-exi=1&c-r-ot=H&c-t-id=102155&c-r-ot=H,c-t-id,102155,"TOWNSEND, JOHN F",c-t-eid,2829358,"TOWNSEND, JOHN F",c-t-ftsts,Won-General,Won-General,c-t-sts,1,Won,c-t-pt,139,REPUBLICAN,c-t-p,2,Republican,s,WI,WI,y,2000,2000,c-r-t,1,Standard,c-r-osid,8698,"ASSEMBLY DISTRICT 052",c-t-ico,I,Incumbent,c-r-ot,H,"State House/Assembly",305,53191.35
dt=1&s=WI&y=2000&c-exi=1&c-r-ot=H&c-t-id=102090&c-r-ot=H,c-t-id,102090,"KAUFERT, DEAN R",c-t-eid,13009602,"KAUFERT, DEAN R",c-t-ftsts,Won-General,Won-General,c-t-sts,1,Won,c-t-pt,139,REPUBLICAN,c-t-p,2,Republican,s,WI,WI,y,2000,2000,c-r-t,1,Standard,c-r-osid,8701,"ASSEMBLY DISTRICT 055",c-t-ico,I,Incumbent,c-r-ot,H,"State House/Assembly",94,52703.37
dt=1&s=WI&y=2000&c-exi=1&c-r-ot=H&c-t-id=102136&c-r-ot=H,c-t-id,102136,"GUNDRUM, MARK D",c-t-eid,3333668,"GUNDRUM, MARK D",c-t-ftsts,Won-General,Won-General,c-t-sts,1,Won,c-t-pt,139,REPUBLICAN,c-t-p,2,Republican,s,WI,WI,y,2000,2000,c-r-t,1,Standard,c-r-osid,8730,"ASSEMBLY DISTRICT 084",c-t-ico,I,Incumbent,c-r-ot,H,"State House/Assembly",309,52678.09
dt=1&s=WI&y=2000&c-exi=1&c-r-ot=H&c-t-id=102168&c-r-ot=H,c-t-id,102168,"MCCORMICK, TERRI",c-t-eid,19890474,"MCCORMICK, TERRI",c-t-ftsts,Won-General,Won-General,c-t-sts,1,Won,c-t-pt,139,REPUBLICAN,c-t-p,2,Republican,s,WI,WI,y,2000,2000,c-r-t,1,Standard,c-r-osid,8702,"ASSEMBLY DISTRICT 056",c-t-ico,O,Open,c-r-ot,H,"State House/Assembly",233,51165.71
dt=1&s=WI&y=2000&c-exi=1&c-r-ot=H&c-t-id=102160&c-r-ot=H,c-t-id,102160,"MEYERHOFER, LEE P",c-t-eid,13009474,"MEYERHOFER, LEE P",c-t-ftsts,Won-General,Won-General,c-t-sts,1,Won,c-t-pt,33,DEMOCRATIC,c-t-p,1,Democratic,s,WI,WI,y,2000,2000,c-r-t,1,Standard,c-r-osid,8651,"ASSEMBLY DISTRICT 005",c-t-ico,I,Incumbent,c-r-ot,H,"State House/Assembly",218,50368.25
dt=1&s=WI&y=2000&c-exi=1&c-r-ot=H&c-t-id=102135&c-r-ot=H,c-t-id,102135,"PLALE, JEFF",c-t-eid,13009498,"PLALE, JEFF",c-t-ftsts,Won-General,Won-General,c-t-sts,1,Won,c-t-pt,33,DEMOCRATIC,c-t-p,1,Democratic,s,WI,WI,y,2000,2000,c-r-t,1,Standard,c-r-osid,8667,"ASSEMBLY DISTRICT 021",c-t-ico,I,Incumbent,c-r-ot,H,"State House/Assembly",184,50014.16
dt=1&s=WI&y=2000&c-exi=1&c-r-ot=H&c-t-id=102137&c-r-ot=H,c-t-id,102137,"WIECKERT, STEVE",c-t-eid,6588897,"WIECKERT, STEVE",c-t-ftsts,Won-General,Won-General,c-t-sts,1,Won,c-t-pt,139,REPUBLICAN,c-t-p,2,Republican,s,WI,WI,y,2000,2000,c-r-t,1,Standard,c-r-osid,8703,"ASSEMBLY DISTRICT 057",c-t-ico,I,Incumbent,c-r-ot,H,"State House/Assembly",204,49376.93
dt=1&s=WI&y=2000&c-exi=1&c-r-ot=H&c-t-id=102088&c-r-ot=H,c-t-id,102088,"VRAKAS, DANIEL P",c-t-eid,6588713,"VRAKAS, DANIEL P",c-t-ftsts,Won-General,Won-General,c-t-sts,1,Won,c-t-pt,139,REPUBLICAN,c-t-p,2,Republican,s,WI,WI,y,2000,2000,c-r-t,1,Standard,c-r-osid,8679,"ASSEMBLY DISTRICT 033",c-t-ico,I,Incumbent,c-r-ot,H,"State House/Assembly",211,49178.22
dt=1&s=WI&y=2000&c-exi=1&c-r-ot=H&c-t-id=48637&c-r-ot=H,c-t-id,48637,"SUCHLA, DEB",c-t-eid,13009709,"SUCHLA, DEB",c-t-ftsts,Lost-General,Lost-General,c-t-sts,2,Lost,c-t-pt,139,REPUBLICAN,c-t-p,2,Republican,s,WI,WI,y,2000,2000,c-r-t,1,Standard,c-r-osid,8741,"ASSEMBLY DISTRICT 095",c-t-ico,O,Open,c-r-ot,H,"State House/Assembly",272,46374.00
dt=1&s=WI&y=2000&c-exi=1&c-r-ot=H&c-t-id=102153&c-r-ot=H,c-t-id,102153,"BALOW, LARRY C",c-t-eid,6391337,"BALOW, LARRY C",c-t-ftsts,Won-General,Won-General,c-t-sts,1,Won,c-t-pt,33,DEMOCRATIC,c-t-p,1,Democratic,s,WI,WI,y,2000,2000,c-r-t,1,Standard,c-r-osid,8714,"ASSEMBLY DISTRICT 068",c-t-ico,I,Incumbent,c-r-ot,H,"State House/Assembly",160,45569.02
dt=1&s=WI&y=2000&c-exi=1&c-r-ot=H&c-t-id=48661&c-r-ot=H,c-t-id,48661,"WEYCKER, BRENT",c-t-eid,13009697,"WEYCKER, BRENT",c-t-ftsts,Lost-General,Lost-General,c-t-sts,2,Lost,c-t-pt,139,REPUBLICAN,c-t-p,2,Republican,s,WI,WI,y,2000,2000,c-r-t,1,Standard,c-r-osid,8736,"ASSEMBLY DISTRICT 090",c-t-ico,C,Challenger,c-r-ot,H,"State House/Assembly",181,45456.00
dt=1&s=WI&y=2000&c-exi=1&c-r-ot=H&c-t-id=102121&c-r-ot=H,c-t-id,102121,"POWERS, MIKE",c-t-eid,3282529,"POWERS, MIKE",c-t-ftsts,Won-General,Won-General,c-t-sts,1,Won,c-t-pt,139,REPUBLICAN,c-t-p,2,Republican,s,WI,WI,y,2000,2000,c-r-t,1,Standard,c-r-osid,8726,"ASSEMBLY DISTRICT 080",c-t-ico,I,Incumbent,c-r-ot,H,"State House/Assembly",89,45449.98
dt=1&s=WI&y=2000&c-exi=1&c-r-ot=H&c-t-id=102154&c-r-ot=H,c-t-id,102154,"SUDER, SCOTT",c-t-eid,13009631,"SUDER, SCOTT",c-t-ftsts,Won-General,Won-General,c-t-sts,1,Won,c-t-pt,139,REPUBLICAN,c-t-p,2,Republican,s,WI,WI,y,2000,2000,c-r-t,1,Standard,c-r-osid,8715,"ASSEMBLY DISTRICT 069",c-t-ico,I,Incumbent,c-r-ot,H,"State House/Assembly",207,45089.14
dt=1&s=WI&y=2000&c-exi=1&c-r-ot=H&c-t-id=102143&c-r-ot=H,c-t-id,102143,"STONE, JEFF",c-t-eid,13009671,"STONE, JEFF",c-t-ftsts,Won-General,Won-General,c-t-sts,1,Won,c-t-pt,139,REPUBLICAN,c-t-p,2,Republican,s,WI,WI,y,2000,2000,c-r-t,1,Standard,c-r-osid,8728,"ASSEMBLY DISTRICT 082",c-t-ico,I,Incumbent,c-r-ot,H,"State House/Assembly",224,43213.89
dt=1&s=WI&y=2000&c-exi=1&c-r-ot=H&c-t-id=48603&c-r-ot=H,c-t-id,48603,"DUEHOLM, ROBERT",c-t-eid,13009518,"DUEHOLM, ROBERT",c-t-ftsts,Lost-General,Lost-General,c-t-sts,2,Lost,c-t-pt,33,DEMOCRATIC,c-t-p,1,Democratic,s,WI,WI,y,2000,2000,c-r-t,1,Standard,c-r-osid,8674,"ASSEMBLY DISTRICT 028",c-t-ico,C,Challenger,c-r-ot,H,"State House/Assembly",341,42264.00
dt=1&s=WI&y=2000&c-exi=1&c-r-ot=H&c-t-id=102144&c-r-ot=H,c-t-id,102144,"SYKORA, TOM",c-t-eid,6651225,"SYKORA, TOM",c-t-ftsts,Won-General,Won-General,c-t-sts,1,Won,c-t-pt,139,REPUBLICAN,c-t-p,2,Republican,s,WI,WI,y,2000,2000,c-r-t,1,Standard,c-r-osid,8713,"ASSEMBLY DISTRICT 067",c-t-ico,I,Incumbent,c-r-ot,H,"State House/Assembly",243,42064.33
dt=1&s=WI&y=2000&c-exi=1&c-r-ot=H&c-t-id=102151&c-r-ot=H,c-t-id,102151,"SPILLNER, JOAN WADE",c-t-eid,6651220,"SPILLNER, JOAN WADE",c-t-ftsts,Won-General,Won-General,c-t-sts,1,Won,c-t-pt,139,REPUBLICAN,c-t-p,2,Republican,s,WI,WI,y,2000,2000,c-r-t,1,Standard,c-r-osid,8688,"ASSEMBLY DISTRICT 042",c-t-ico,I,Incumbent,c-r-ot,H,"State House/Assembly",267,41692.35
dt=1&s=WI&y=2000&c-exi=1&c-r-ot=H&c-t-id=102076&c-r-ot=H,c-t-id,102076,"HUBER, GREG",c-t-eid,13009676,"HUBER, GREG",c-t-ftsts,Won-General,Won-General,c-t-sts,1,Won,c-t-pt,33,DEMOCRATIC,c-t-p,1,Democratic,s,WI,WI,y,2000,2000,c-r-t,1,Standard,c-r-osid,8731,"ASSEMBLY DISTRICT 085",c-t-ico,I,Incumbent,c-r-ot,H,"State House/Assembly",120,40956.79
dt=1&s=WI&y=2000&c-exi=1&c-r-ot=H&c-t-id=102175&c-r-ot=H,c-t-id,102175,"KERKMAN, SAMANTHA",c-t-eid,2853597,"KERKMAN, SAMANTHA",c-t-ftsts,Won-General,Won-General,c-t-sts,1,Won,c-t-pt,139,REPUBLICAN,c-t-p,2,Republican,s,WI,WI,y,2000,2000,c-r-t,1,Standard,c-r-osid,8712,"ASSEMBLY DISTRICT 066",c-t-ico,O,Open,c-r-ot,H,"State House/Assembly",162,40865.00
dt=1&s=WI&y=2000&c-exi=1&c-r-ot=H&c-t-id=102131&c-r-ot=H,c-t-id,102131,"GUNDERSON, SCOTT L",c-t-eid,13009673,"GUNDERSON, SCOTT L",c-t-ftsts,Won-General,Won-General,c-t-sts,1,Won,c-t-pt,139,REPUBLICAN,c-t-p,2,Republican,s,WI,WI,y,2000,2000,c-r-t,1,Standard,c-r-osid,8729,"ASSEMBLY DISTRICT 083",c-t-ico,I,Incumbent,c-r-ot,H,"State House/Assembly",191,40585.40
dt=1&s=WI&y=2000&c-exi=1&c-r-ot=H&c-t-id=48630&c-r-ot=H,c-t-id,48630,"POPE, SONDY M",c-t-eid,3284061,"POPE, SONDY M",c-t-ftsts,Lost-General,Lost-General,c-t-sts,2,Lost,c-t-pt,33,DEMOCRATIC,c-t-p,1,Democratic,s,WI,WI,y,2000,2000,c-r-t,1,Standard,c-r-osid,8725,"ASSEMBLY DISTRICT 079",c-t-ico,C,Challenger,c-r-ot,H,"State House/Assembly",195,39000.00
dt=1&s=WI&y=2000&c-exi=1&c-r-ot=H&c-t-id=48608&c-r-ot=H,c-t-id,48608,"ROSSER, LEWIS",c-t-eid,13009596,"ROSSER, LEWIS",c-t-ftsts,Lost-General,Lost-General,c-t-sts,2,Lost,c-t-pt,33,DEMOCRATIC,c-t-p,1,Democratic,s,WI,WI,y,2000,2000,c-r-t,1,Standard,c-r-osid,8698,"ASSEMBLY DISTRICT 052",c-t-ico,C,Challenger,c-r-ot,H,"State House/Assembly",86,37830.00
dt=1&s=WI&y=2000&c-exi=1&c-r-ot=H&c-t-id=102103&c-r-ot=H,c-t-id,102103,"RYBA, JOHN J",c-t-eid,6447654,"RYBA, JOHN J",c-t-ftsts,Won-General,Won-General,c-t-sts,1,Won,c-t-pt,33,DEMOCRATIC,c-t-p,1,Democratic,s,WI,WI,y,2000,2000,c-r-t,1,Standard,c-r-osid,8736,"ASSEMBLY DISTRICT 090",c-t-ico,I,Incumbent,c-r-ot,H,"State House/Assembly",82,37321.36
dt=1&s=WI&y=2000&c-exi=1&c-r-ot=H&c-t-id=102122&c-r-ot=H,c-t-id,102122,"LASSA, JULIE M",c-t-eid,13009642,"LASSA, JULIE M",c-t-ftsts,Won-General,Won-General,c-t-sts,1,Won,c-t-pt,33,DEMOCRATIC,c-t-p,1,Democratic,s,WI,WI,y,2000,2000,c-r-t,1,Standard,c-r-osid,8717,"ASSEMBLY DISTRICT 071",c-t-ico,I,Incumbent,c-r-ot,H,"State House/Assembly",209,37240.14
dt=1&s=WI&y=2000&c-exi=1&c-r-ot=H&c-t-id=102128&c-r-ot=H,c-t-id,102128,"LASEE, FRANK",c-t-eid,13009464,"LASEE, FRANK",c-t-ftsts,Won-General,Won-General,c-t-sts,1,Won,c-t-pt,139,REPUBLICAN,c-t-p,2,Republican,s,WI,WI,y,2000,2000,c-r-t,1,Standard,c-r-osid,8648,"ASSEMBLY DISTRICT 002",c-t-ico,I,Incumbent,c-r-ot,H,"State House/Assembly",167,36622.03
dt=1&s=WI&y=2000&c-exi=1&c-r-ot=H&c-t-id=102105&c-r-ot=H,c-t-id,102105,"WARD, DAVID W",c-t-eid,6588805,"WARD, DAVID W",c-t-ftsts,Won-General,Won-General,c-t-sts,1,Won,c-t-pt,139,REPUBLICAN,c-t-p,2,Republican,s,WI,WI,y,2000,2000,c-r-t,1,Standard,c-r-osid,8683,"ASSEMBLY DISTRICT 037",c-t-ico,I,Incumbent,c-r-ot,H,"State House/Assembly",76,36356.37
dt=1&s=WI&y=2000&c-exi=1&c-r-ot=H&c-t-id=102148&c-r-ot=H,c-t-id,102148,"SHERMAN, GARY E",c-t-eid,6567584,"SHERMAN, GARY E",c-t-ftsts,Won-General,Won-General,c-t-sts,1,Won,c-t-pt,33,DEMOCRATIC,c-t-p,1,Democratic,s,WI,WI,y,2000,2000,c-r-t,1,Standard,c-r-osid,8720,"ASSEMBLY DISTRICT 074",c-t-ico,I,Incumbent,c-r-ot,H,"State House/Assembly",150,36324.63
dt=1&s=WI&y=2000&c-exi=1&c-r-ot=H&c-t-id=102042&c-r-ot=H,c-t-id,102042,"MUSSER, TERRY M",c-t-eid,6588463,"MUSSER, TERRY M",c-t-ftsts,Won-General,Won-General,c-t-sts,1,Won,c-t-pt,139,REPUBLICAN,c-t-p,2,Republican,s,WI,WI,y,2000,2000,c-r-t,1,Standard,c-r-osid,8738,"ASSEMBLY DISTRICT 092",c-t-ico,I,Incumbent,c-r-ot,H,"State House/Assembly",149,36176.74
dt=1&s=WI&y=2000&c-exi=1&c-r-ot=H&c-t-id=48588&c-r-ot=H,c-t-id,48588,"SANDERS, THOMAS J",c-t-eid,13009475,"SANDERS, THOMAS J",c-t-ftsts,Lost-General,Lost-General,c-t-sts,2,Lost,c-t-pt,139,REPUBLICAN,c-t-p,2,Republican,s,WI,WI,y,2000,2000,c-r-t,1,Standard,c-r-osid,8651,"ASSEMBLY DISTRICT 005",c-t-ico,C,Challenger,c-r-ot,H,"State House/Assembly",171,35792.00
dt=1&s=WI&y=2000&c-exi=1&c-r-ot=H&c-t-id=102019&c-r-ot=H,c-t-id,102019,"SCHNEIDER, MARLIN D",c-t-eid,3298932,"SCHNEIDER, MARLIN D",c-t-ftsts,Won-General,Won-General,c-t-sts,1,Won,c-t-pt,33,DEMOCRATIC,c-t-p,1,Democratic,s,WI,WI,y,2000,2000,c-r-t,1,Standard,c-r-osid,8718,"ASSEMBLY DISTRICT 072",c-t-ico,I,Incumbent,c-r-ot,H,"State House/Assembly",75,35742.76
dt=1&s=WI&y=2000&c-exi=1&c-r-ot=H&c-t-id=102055&c-r-ot=H,c-t-id,102055,"HUBLER, MARY",c-t-eid,2927449,"HUBLER, MARY",c-t-ftsts,Won-General,Won-General,c-t-sts,1,Won,c-t-pt,33,DEMOCRATIC,c-t-p,1,Democratic,s,WI,WI,y,2000,2000,c-r-t,1,Standard,c-r-osid,8721,"ASSEMBLY DISTRICT 075",c-t-ico,I,Incumbent,c-r-ot,H,"State House/Assembly",50,35438.19
dt=1&s=WI&y=2000&c-exi=1&c-r-ot=H&c-t-id=48583&c-r-ot=H,c-t-id,48583,"SWOBODA, LARY",c-t-eid,6449674,"SWOBODA, LARY",c-t-ftsts,Lost-General,Lost-General,c-t-sts,2,Lost,c-t-pt,33,DEMOCRATIC,c-t-p,1,Democratic,s,WI,WI,y,2000,2000,c-r-t,1,Standard,c-r-osid,8647,"ASSEMBLY DISTRICT 001",c-t-ico,O,Open,c-r-ot,H,"State House/Assembly",174,34173.00
dt=1&s=WI&y=2000&c-exi=1&c-r-ot=H&c-t-id=102043&c-r-ot=H,c-t-id,102043,"KRUSICK, PEGGY",c-t-eid,4190212,"KRUSICK, PEGGY",c-t-ftsts,Won-General,Won-General,c-t-sts,1,Won,c-t-pt,33,DEMOCRATIC,c-t-p,1,Democratic,s,WI,WI,y,2000,2000,c-r-t,1,Standard,c-r-osid,8743,"ASSEMBLY DISTRICT 097",c-t-ico,I,Incumbent,c-r-ot,H,"State House/Assembly",27,33553.38
dt=1&s=WI&y=2000&c-exi=1&c-r-ot=H&c-t-id=11653&c-r-ot=H,c-t-id,11653,"RASMUSSEN, MICHAEL C",c-t-eid,13009551,"RASMUSSEN, MICHAEL C",c-t-ftsts,Lost-Primary,Lost-Primary,c-t-sts,2,Lost,c-t-pt,139,REPUBLICAN,c-t-p,2,Republican,s,WI,WI,y,2000,2000,c-r-t,1,Standard,c-r-osid,8685,"ASSEMBLY DISTRICT 039",c-t-ico,O,Open,c-r-ot,H,"State House/Assembly",57,33364.00
dt=1&s=WI&y=2000&c-exi=1&c-r-ot=H&c-t-id=102104&c-r-ot=H,c-t-id,102104,"LA FAVE, JOHN",c-t-eid,13009504,"LA FAVE, JOHN",c-t-ftsts,Won-General,Won-General,c-t-sts,1,Won,c-t-pt,33,DEMOCRATIC,c-t-p,1,Democratic,s,WI,WI,y,2000,2000,c-r-t,1,Standard,c-r-osid,8669,"ASSEMBLY DISTRICT 023",c-t-ico,I,Incumbent,c-r-ot,H,"State House/Assembly",67,33111.52
dt=1&s=WI&y=2000&c-exi=1&c-r-ot=H&c-t-id=102158&c-r-ot=H,c-t-id,102158,"KESTELL, STEVE",c-t-eid,13009512,"KESTELL, STEVE",c-t-ftsts,Won-General,Won-General,c-t-sts,1,Won,c-t-pt,139,REPUBLICAN,c-t-p,2,Republican,s,WI,WI,y,2000,2000,c-r-t,1,Standard,c-r-osid,8673,"ASSEMBLY DISTRICT 027",c-t-ico,I,Incumbent,c-r-ot,H,"State House/Assembly",160,32219.26
dt=1&s=WI&y=2000&c-exi=1&c-r-ot=H&c-t-id=102139&c-r-ot=H,c-t-id,102139,"PLOUFF, JOE",c-t-eid,13009519,"PLOUFF, JOE",c-t-ftsts,Won-General,Won-General,c-t-sts,1,Won,c-t-pt,33,DEMOCRATIC,c-t-p,1,Democratic,s,WI,WI,y,2000,2000,c-r-t,1,Standard,c-r-osid,8675,"ASSEMBLY DISTRICT 029",c-t-ico,I,Incumbent,c-r-ot,H,"State House/Assembly",74,32179.83
dt=1&s=WI&y=2000&c-exi=1&c-r-ot=H&c-t-id=48618&c-r-ot=H,c-t-id,48618,"SOUCIE, LAURENT",c-t-eid,13009578,"SOUCIE, LAURENT",c-t-ftsts,Lost-General,Lost-General,c-t-sts,2,Lost,c-t-pt,33,DEMOCRATIC,c-t-p,1,Democratic,s,WI,WI,y,2000,2000,c-r-t,1,Standard,c-r-osid,8693,"ASSEMBLY DISTRICT 047",c-t-ico,C,Challenger,c-r-ot,H,"State House/Assembly",164,31913.00
dt=1&s=WI&y=2000&c-exi=1&c-r-ot=H&c-t-id=102141&c-r-ot=H,c-t-id,102141,"JESKEWITZ, SUZANNE",c-t-eid,2999039,"JESKEWITZ, SUZANNE",c-t-ftsts,Won-General,Won-General,c-t-sts,1,Won,c-t-pt,139,REPUBLICAN,c-t-p,2,Republican,s,WI,WI,y,2000,2000,c-r-t,1,Standard,c-r-osid,8670,"ASSEMBLY DISTRICT 024",c-t-ico,I,Incumbent,c-r-ot,H,"State House/Assembly",103,31295.02
dt=1&s=WI&y=2000&c-exi=1&c-r-ot=H&c-t-id=102072&c-r-ot=H,c-t-id,102072,"BOCK, PETER E",c-t-eid,6447446,"BOCK, PETER E",c-t-ftsts,Won-General,Won-General,c-t-sts,1,Won,c-t-pt,33,DEMOCRATIC,c-t-p,1,Democratic,s,WI,WI,y,2000,2000,c-r-t,1,Standard,c-r-osid,8653,"ASSEMBLY DISTRICT 007",c-t-ico,I,Incumbent,c-r-ot,H,"State House/Assembly",90,31273.12
dt=1&s=WI&y=2000&c-exi=1&c-r-ot=H&c-t-id=102085&c-r-ot=H,c-t-id,102085,"URBAN, FRANK H",c-t-eid,6651233,"URBAN, FRANK H",c-t-ftsts,Won-General,Won-General,c-t-sts,1,Won,c-t-pt,139,REPUBLICAN,c-t-p,2,Republican,s,WI,WI,y,2000,2000,c-r-t,1,Standard,c-r-osid,8745,"ASSEMBLY DISTRICT 099",c-t-ico,I,Incumbent,c-r-ot,H,"State House/Assembly",94,31196.54
dt=1&s=WI&y=2000&c-exi=1&c-r-ot=H&c-t-id=48628&c-r-ot=H,c-t-id,48628,"CIHLAR, SANDI",c-t-eid,13009683,"CIHLAR, SANDI",c-t-ftsts,Lost-General,Lost-General,c-t-sts,2,Lost,c-t-pt,33,DEMOCRATIC,c-t-p,1,Democratic,s,WI,WI,y,2000,2000,c-r-t,1,Standard,c-r-osid,8732,"ASSEMBLY DISTRICT 086",c-t-ico,C,Challenger,c-r-ot,H,"State House/Assembly",145,30384.00
dt=1&s=WI&y=2000&c-exi=1&c-r-ot=H&c-t-id=102078&c-r-ot=H,c-t-id,102078,"LEHMAN, MICHAEL",c-t-eid,4299739,"LEHMAN, MICHAEL",c-t-ftsts,Won-General,Won-General,c-t-sts,1,Won,c-t-pt,139,REPUBLICAN,c-t-p,2,Republican,s,WI,WI,y,2000,2000,c-r-t,1,Standard,c-r-osid,8704,"ASSEMBLY DISTRICT 058",c-t-ico,I,Incumbent,c-r-ot,H,"State House/Assembly",122,29586.60
dt=1&s=WI&y=2000&c-exi=1&c-r-ot=H&c-t-id=102082&c-r-ot=H,c-t-id,102082,"DUFF, MARC C",c-t-eid,6588656,"DUFF, MARC C",c-t-ftsts,Won-General,Won-General,c-t-sts,1,Won,c-t-pt,139,REPUBLICAN,c-t-p,2,Republican,s,WI,WI,y,2000,2000,c-r-t,1,Standard,c-r-osid,8744,"ASSEMBLY DISTRICT 098",c-t-ico,I,Incumbent,c-r-ot,H,"State House/Assembly",130,29509.67
dt=1&s=WI&y=2000&c-exi=1&c-r-ot=H&c-t-id=102156&c-r-ot=H,c-t-id,102156,"RICHARDS, JON",c-t-eid,2784562,"RICHARDS, JON",c-t-ftsts,Won-General,Won-General,c-t-sts,1,Won,c-t-pt,33,DEMOCRATIC,c-t-p,1,Democratic,s,WI,WI,y,2000,2000,c-r-t,1,Standard,c-r-osid,8665,"ASSEMBLY DISTRICT 019",c-t-ico,I,Incumbent,c-r-ot,H,"State House/Assembly",182,29471.48
dt=1&s=WI&y=2000&c-exi=1&c-r-ot=H&c-t-id=102127&c-r-ot=H,c-t-id,102127,"OLSEN, LUTHER S",c-t-eid,13009555,"OLSEN, LUTHER S",c-t-ftsts,Won-General,Won-General,c-t-sts,1,Won,c-t-pt,139,REPUBLICAN,c-t-p,2,Republican,s,WI,WI,y,2000,2000,c-r-t,1,Standard,c-r-osid,8687,"ASSEMBLY DISTRICT 041",c-t-ico,I,Incumbent,c-r-ot,H,"State House/Assembly",111,29278.17
dt=1&s=WI&y=2000&c-exi=1&c-r-ot=H&c-t-id=48619&c-r-ot=H,c-t-id,48619,"WEBER, ROGER L",c-t-eid,13009535,"WEBER, ROGER L",c-t-ftsts,Lost-General,Lost-General,c-t-sts,2,Lost,c-t-pt,33,DEMOCRATIC,c-t-p,1,Democratic,s,WI,WI,y,2000,2000,c-r-t,1,Standard,c-r-osid,8680,"ASSEMBLY DISTRICT 034",c-t-ico,O,Open,c-r-ot,H,"State House/Assembly",188,28111.00
dt=1&s=WI&y=2000&c-exi=1&c-r-ot=H&c-t-id=48606&c-r-ot=H,c-t-id,48606,"JAZDZEWSKI, GINGER",c-t-eid,6449721,"JAZDZEWSKI, GINGER",c-t-ftsts,Lost-General,Lost-General,c-t-sts,2,Lost,c-t-pt,33,DEMOCRATIC,c-t-p,1,Democratic,s,WI,WI,y,2000,2000,c-r-t,1,Standard,c-r-osid,8682,"ASSEMBLY DISTRICT 036",c-t-ico,C,Challenger,c-r-ot,H,"State House/Assembly",109,27777.00
dt=1&s=WI&y=2000&c-exi=1&c-r-ot=H&c-t-id=48629&c-r-ot=H,c-t-id,48629,"RABAS, CAL R",c-t-eid,13009568,"RABAS, CAL R",c-t-ftsts,Lost-General,Lost-General,c-t-sts,2,Lost,c-t-pt,139,REPUBLICAN,c-t-p,2,Republican,s,WI,WI,y,2000,2000,c-r-t,1,Standard,c-r-osid,8690,"ASSEMBLY DISTRICT 044",c-t-ico,C,Challenger,c-r-ot,H,"State House/Assembly",135,26435.00
dt=1&s=WI&y=2000&c-exi=1&c-r-ot=H&c-t-id=102180&c-r-ot=H,c-t-id,102180,"LOEFFELHOLZ, GABE",c-t-eid,13009582,"LOEFFELHOLZ, GABE",c-t-ftsts,Won-General,Won-General,c-t-sts,1,Won,c-t-pt,139,REPUBLICAN,c-t-p,2,Republican,s,WI,WI,y,2000,2000,c-r-t,1,Standard,c-r-osid,8695,"ASSEMBLY DISTRICT 049",c-t-ico,O,Open,c-r-ot,H,"State House/Assembly",97,25851.11
dt=1&s=WI&y=2000&c-exi=1&c-r-ot=H&c-t-id=102162&c-r-ot=H,c-t-id,102162,"COLON, PEDRO ANGEL",c-t-eid,3001329,"COLON, PEDRO ANGEL",c-t-ftsts,Won-General,Won-General,c-t-sts,1,Won,c-t-pt,33,DEMOCRATIC,c-t-p,1,Democratic,s,WI,WI,y,2000,2000,c-r-t,1,Standard,c-r-osid,8654,"ASSEMBLY DISTRICT 008",c-t-ico,I,Incumbent,c-r-ot,H,"State House/Assembly",129,25684.53
dt=1&s=WI&y=2000&c-exi=1&c-r-ot=H&c-t-id=102068&c-r-ot=H,c-t-id,102068,"BOYLE, FRANK",c-t-eid,2754150,"BOYLE, FRANK",c-t-ftsts,Won-General,Won-General,c-t-sts,1,Won,c-t-pt,33,DEMOCRATIC,c-t-p,1,Democratic,s,WI,WI,y,2000,2000,c-r-t,1,Standard,c-r-osid,8719,"ASSEMBLY DISTRICT 073",c-t-ico,I,Incumbent,c-r-ot,H,"State House/Assembly",39,25669.53
dt=1&s=WI&y=2000&c-exi=1&c-r-ot=H&c-t-id=11652&c-r-ot=H,c-t-id,11652,"ANDRE, PETER J",c-t-eid,4327287,"ANDRE, PETER J",c-t-ftsts,Lost-Primary,Lost-Primary,c-t-sts,2,Lost,c-t-pt,139,REPUBLICAN,c-t-p,2,Republican,s,WI,WI,y,2000,2000,c-r-t,1,Standard,c-r-osid,8647,"ASSEMBLY DISTRICT 001",c-t-ico,O,Open,c-r-ot,H,"State House/Assembly",59,24995.00
dt=1&s=WI&y=2000&c-exi=1&c-r-ot=H&c-t-id=48620&c-r-ot=H,c-t-id,48620,"VAN AKKEREN, TERRY",c-t-eid,13009509,"VAN AKKEREN, TERRY",c-t-ftsts,Lost-General,Lost-General,c-t-sts,2,Lost,c-t-pt,33,DEMOCRATIC,c-t-p,1,Democratic,s,WI,WI,y,2000,2000,c-r-t,1,Standard,c-r-osid,8672,"ASSEMBLY DISTRICT 026",c-t-ico,C,Challenger,c-r-ot,H,"State House/Assembly",135,24625.00
dt=1&s=WI&y=2000&c-exi=1&c-r-ot=H&c-t-id=48626&c-r-ot=H,c-t-id,48626,"BUTLER, JEFF",c-t-eid,13009521,"BUTLER, JEFF",c-t-ftsts,Lost-General,Lost-General,c-t-sts,2,Lost,c-t-pt,139,REPUBLICAN,c-t-p,2,Republican,s,WI,WI,y,2000,2000,c-r-t,1,Standard,c-r-osid,8675,"ASSEMBLY DISTRICT 029",c-t-ico,C,Challenger,c-r-ot,H,"State House/Assembly",114,24153.00
dt=1&s=WI&y=2000&c-exi=1&c-r-ot=H&c-t-id=102011&c-r-ot=H,c-t-id,102011,"HEBL, THOMAS LEE",c-t-eid,13009574,"HEBL, THOMAS LEE",c-t-ftsts,Won-General,Won-General,c-t-sts,1,Won,c-t-pt,33,DEMOCRATIC,c-t-p,1,Democratic,s,WI,WI,y,2000,2000,c-r-t,1,Standard,c-r-osid,8692,"ASSEMBLY DISTRICT 046",c-t-ico,I,Incumbent,c-r-ot,H,"State House/Assembly",39,23378.74
dt=1&s=WI&y=2000&c-exi=1&c-r-ot=H&c-t-id=48614&c-r-ot=H,c-t-id,48614,"GERARD, KEVIN",c-t-eid,3363149,"GERARD, KEVIN",c-t-ftsts,Lost-General,Lost-General,c-t-sts,2,Lost,c-t-pt,139,REPUBLICAN,c-t-p,2,Republican,s,WI,WI,y,2000,2000,c-r-t,1,Standard,c-r-osid,8668,"ASSEMBLY DISTRICT 022",c-t-ico,C,Challenger,c-r-ot,H,"State House/Assembly",93,22991.00
dt=1&s=WI&y=2000&c-exi=1&c-r-ot=H&c-t-id=48633&c-r-ot=H,c-t-id,48633,"GENTZ, VIRGIL",c-t-eid,13009622,"GENTZ, VIRGIL",c-t-ftsts,Lost-General,Lost-General,c-t-sts,2,Lost,c-t-pt,33,DEMOCRATIC,c-t-p,1,Democratic,s,WI,WI,y,2000,2000,c-r-t,1,Standard,c-r-osid,8712,"ASSEMBLY DISTRICT 066",c-t-ico,O,Open,c-r-ot,H,"State House/Assembly",86,21751.00
dt=1&s=WI&y=2000&c-exi=1&c-r-ot=H&c-t-id=102077&c-r-ot=H,c-t-id,102077,"OWENS, CAROL",c-t-eid,3001352,"OWENS, CAROL",c-t-ftsts,Won-General,Won-General,c-t-sts,1,Won,c-t-pt,139,REPUBLICAN,c-t-p,2,Republican,s,WI,WI,y,2000,2000,c-r-t,1,Standard,c-r-osid,8699,"ASSEMBLY DISTRICT 053",c-t-ico,I,Incumbent,c-r-ot,H,"State House/Assembly",64,21432.55
dt=1&s=WI&y=2000&c-exi=1&c-r-ot=H&c-t-id=102149&c-r-ot=H,c-t-id,102149,"POCAN, MARK",c-t-eid,17658558,"POCAN, MARK",c-t-ftsts,Won-General,Won-General,c-t-sts,1,Won,c-t-pt,33,DEMOCRATIC,c-t-p,1,Democratic,s,WI,WI,y,2000,2000,c-r-t,1,Standard,c-r-osid,8724,"ASSEMBLY DISTRICT 078",c-t-ico,I,Incumbent,c-r-ot,H,"State House/Assembly",58,21424.36
dt=1&s=WI&y=2000&c-exi=1&c-r-ot=H&c-t-id=102063&c-r-ot=H,c-t-id,102063,"CULLEN, DAVID A",c-t-eid,13009487,"CULLEN, DAVID A",c-t-ftsts,Won-General,Won-General,c-t-sts,1,Won,c-t-pt,33,DEMOCRATIC,c-t-p,1,Democratic,s,WI,WI,y,2000,2000,c-r-t,1,Standard,c-r-osid,8659,"ASSEMBLY DISTRICT 013",c-t-ico,I,Incumbent,c-r-ot,H,"State House/Assembly",38,21397.16
dt=1&s=WI&y=2000&c-exi=1&c-r-ot=H&c-t-id=102067&c-r-ot=H,c-t-id,102067,"OTT, ALVIN",c-t-eid,13009470,"OTT, ALVIN",c-t-ftsts,Won-General,Won-General,c-t-sts,1,Won,c-t-pt,139,REPUBLICAN,c-t-p,2,Republican,s,WI,WI,y,2000,2000,c-r-t,1,Standard,c-r-osid,8649,"ASSEMBLY DISTRICT 003",c-t-ico,I,Incumbent,c-r-ot,H,"State House/Assembly",43,21275.36
dt=1&s=WI&y=2000&c-exi=1&c-r-ot=H&c-t-id=48639&c-r-ot=H,c-t-id,48639,"CONN, JEFF",c-t-eid,13009665,"CONN, JEFF",c-t-ftsts,Lost-General,Lost-General,c-t-sts,2,Lost,c-t-pt,33,DEMOCRATIC,c-t-p,1,Democratic,s,WI,WI,y,2000,2000,c-r-t,1,Standard,c-r-osid,8726,"ASSEMBLY DISTRICT 080",c-t-ico,C,Challenger,c-r-ot,H,"State House/Assembly",103,20912.00
dt=1&s=WI&y=2000&c-exi=1&c-r-ot=H&c-t-id=102146&c-r-ot=H,c-t-id,102146,"LEHMAN, JOHN W",c-t-eid,2768640,"LEHMAN, JOHN W",c-t-ftsts,Won-General,Won-General,c-t-sts,1,Won,c-t-pt,33,DEMOCRATIC,c-t-p,1,Democratic,s,WI,WI,y,2000,2000,c-r-t,1,Standard,c-r-osid,8708,"ASSEMBLY DISTRICT 062",c-t-ico,I,Incumbent,c-r-ot,H,"State House/Assembly",32,20883.79
dt=1&s=WI&y=2000&c-exi=1&c-r-ot=H&c-t-id=102142&c-r-ot=H,c-t-id,102142,"STEINBRINK, JOHN P",c-t-eid,13009621,"STEINBRINK, JOHN P",c-t-ftsts,Won-General,Won-General,c-t-sts,1,Won,c-t-pt,33,DEMOCRATIC,c-t-p,1,Democratic,s,WI,WI,y,2000,2000,c-r-t,1,Standard,c-r-osid,8711,"ASSEMBLY DISTRICT 065",c-t-ico,I,Incumbent,c-r-ot,H,"State House/Assembly",50,20795.94
dt=1&s=WI&y=2000&c-exi=1&c-r-ot=H&c-t-id=102092&c-r-ot=H,c-t-id,102092,"AINSWORTH, JOHN H",c-t-eid,4439413,"AINSWORTH, JOHN H",c-t-ftsts,Won-General,Won-General,c-t-sts,1,Won,c-t-pt,139,REPUBLICAN,c-t-p,2,Republican,s,WI,WI,y,2000,2000,c-r-t,1,Standard,c-r-osid,8652,"ASSEMBLY DISTRICT 006",c-t-ico,I,Incumbent,c-r-ot,H,"State House/Assembly",57,19833.34
dt=1&s=WI&y=2000&c-exi=1&c-r-ot=H&c-t-id=102159&c-r-ot=H,c-t-id,102159,"BERCEAU, TERESE",c-t-eid,2614584,"BERCEAU, TERESE",c-t-ftsts,Won-General,Won-General,c-t-sts,1,Won,c-t-pt,33,DEMOCRATIC,c-t-p,1,Democratic,s,WI,WI,y,2000,2000,c-r-t,1,Standard,c-r-osid,8722,"ASSEMBLY DISTRICT 076",c-t-ico,I,Incumbent,c-r-ot,H,"State House/Assembly",70,19524.57
dt=1&s=WI&y=2000&c-exi=1&c-r-ot=H&c-t-id=102021&c-r-ot=H,c-t-id,102021,"WOOD, WAYNE W",c-t-eid,6397550,"WOOD, WAYNE W",c-t-ftsts,Won-General,Won-General,c-t-sts,1,Won,c-t-pt,33,DEMOCRATIC,c-t-p,1,Democratic,s,WI,WI,y,2000,2000,c-r-t,1,Standard,c-r-osid,8690,"ASSEMBLY DISTRICT 044",c-t-ico,I,Incumbent,c-r-ot,H,"State House/Assembly",49,19170.43
dt=1&s=WI&y=2000&c-exi=1&c-r-ot=H&c-t-id=102033&c-r-ot=H,c-t-id,102033,"CARPENTER, TIMOTHY W",c-t-eid,2961948,"CARPENTER, TIMOTHY W",c-t-ftsts,Won-General,Won-General,c-t-sts,1,Won,c-t-pt,33,DEMOCRATIC,c-t-p,1,Democratic,s,WI,WI,y,2000,2000,c-r-t,1,Standard,c-r-osid,8655,"ASSEMBLY DISTRICT 009",c-t-ico,I,Incumbent,c-r-ot,H,"State House/Assembly",49,18583.62
dt=1&s=WI&y=2000&c-exi=1&c-r-ot=H&c-t-id=11644&c-r-ot=H,c-t-id,11644,"STEVENS, PAT",c-t-eid,13009605,"STEVENS, PAT",c-t-ftsts,Lost-Primary,Lost-Primary,c-t-sts,2,Lost,c-t-pt,139,REPUBLICAN,c-t-p,2,Republican,s,WI,WI,y,2000,2000,c-r-t,1,Standard,c-r-osid,8702,"ASSEMBLY DISTRICT 056",c-t-ico,O,Open,c-r-ot,H,"State House/Assembly",37,18200.00
dt=1&s=WI&y=2000&c-exi=1&c-r-ot=H&c-t-id=102027&c-r-ot=H,c-t-id,102027,"TRAVIS, DAVID M",c-t-eid,13009666,"TRAVIS, DAVID M",c-t-ftsts,Won-General,Won-General,c-t-sts,1,Won,c-t-pt,33,DEMOCRATIC,c-t-p,1,Democratic,s,WI,WI,y,2000,2000,c-r-t,1,Standard,c-r-osid,8727,"ASSEMBLY DISTRICT 081",c-t-ico,I,Incumbent,c-r-ot,H,"State House/Assembly",62,17715.66
dt=1&s=WI&y=2000&c-exi=1&c-r-ot=H&c-t-id=102140&c-r-ot=H,c-t-id,102140,"STASKUNAS, TONY",c-t-eid,13009492,"STASKUNAS, TONY",c-t-ftsts,Won-General,Won-General,c-t-sts,1,Won,c-t-pt,33,DEMOCRATIC,c-t-p,1,Democratic,s,WI,WI,y,2000,2000,c-r-t,1,Standard,c-r-osid,8661,"ASSEMBLY DISTRICT 015",c-t-ico,I,Incumbent,c-r-ot,H,"State House/Assembly",62,14793.04
dt=1&s=WI&y=2000&c-exi=1&c-r-ot=H&c-t-id=48636&c-r-ot=H,c-t-id,48636,"LODEN, CONNIE",c-t-eid,6653038,"LODEN, CONNIE",c-t-ftsts,Lost-General,Lost-General,c-t-sts,2,Lost,c-t-pt,139,REPUBLICAN,c-t-p,2,Republican,s,WI,WI,y,2000,2000,c-r-t,1,Standard,c-r-osid,8720,"ASSEMBLY DISTRICT 074",c-t-ico,C,Challenger,c-r-ot,H,"State House/Assembly",52,14577.00
dt=1&s=WI&y=2000&c-exi=1&c-r-ot=H&c-t-id=48646&c-r-ot=H,c-t-id,48646,"DEHMLOW, BRAD",c-t-eid,13009686,"DEHMLOW, BRAD",c-t-ftsts,Lost-General,Lost-General,c-t-sts,2,Lost,c-t-pt,139,REPUBLICAN,c-t-p,2,Republican,s,WI,WI,y,2000,2000,c-r-t,1,Standard,c-r-osid,8733,"ASSEMBLY DISTRICT 087",c-t-ico,C,Challenger,c-r-ot,H,"State House/Assembly",48,14356.00
dt=1&s=WI&y=2000&c-exi=1&c-r-ot=H&c-t-id=48631&c-r-ot=H,c-t-id,48631,"NASS, STEPHEN L",c-t-eid,2929947,"NASS, STEPHEN L",c-t-ftsts,Lost-General,Lost-General,c-t-sts,2,Lost,c-t-pt,33,DEMOCRATIC,c-t-p,1,Democratic,s,WI,WI,y,2000,2000,c-r-t,1,Standard,c-r-osid,8683,"ASSEMBLY DISTRICT 037",c-t-ico,C,Challenger,c-r-ot,H,"State House/Assembly",56,13403.00
dt=1&s=WI&y=2000&c-exi=1&c-r-ot=H&c-t-id=48647&c-r-ot=H,c-t-id,48647,"HELENIUS, DARRYL M",c-t-eid,2928761,"HELENIUS, DARRYL M",c-t-ftsts,Lost-General,Lost-General,c-t-sts,2,Lost,c-t-pt,139,REPUBLICAN,c-t-p,2,Republican,s,WI,WI,y,2000,2000,c-r-t,1,Standard,c-r-osid,8719,"ASSEMBLY DISTRICT 073",c-t-ico,C,Challenger,c-r-ot,H,"State House/Assembly",57,13088.00
dt=1&s=WI&y=2000&c-exi=1&c-r-ot=H&c-t-id=48652&c-r-ot=H,c-t-id,48652,"BRENHOLT, WAYNE",c-t-eid,6653093,"BRENHOLT, WAYNE",c-t-ftsts,Lost-General,Lost-General,c-t-sts,2,Lost,c-t-pt,139,REPUBLICAN,c-t-p,2,Republican,s,WI,WI,y,2000,2000,c-r-t,1,Standard,c-r-osid,8721,"ASSEMBLY DISTRICT 075",c-t-ico,C,Challenger,c-r-ot,H,"State House/Assembly",44,13044.00
dt=1&s=WI&y=2000&c-exi=1&c-r-ot=H&c-t-id=102049&c-r-ot=H,c-t-id,102049,"GRONEMUS, BARBARA",c-t-eid,3892351,"GRONEMUS, BARBARA",c-t-ftsts,Won-General,Won-General,c-t-sts,1,Won,c-t-pt,33,DEMOCRATIC,c-t-p,1,Democratic,s,WI,WI,y,2000,2000,c-r-t,1,Standard,c-r-osid,8737,"ASSEMBLY DISTRICT 091",c-t-ico,I,Incumbent,c-r-ot,H,"State House/Assembly",40,12767.17
dt=1&s=WI&y=2000&c-exi=1&c-r-ot=H&c-t-id=102080&c-r-ot=H,c-t-id,102080,"REYNOLDS, MARTY",c-t-eid,3559290,"REYNOLDS, MARTY",c-t-ftsts,Won-General,Won-General,c-t-sts,1,Won,c-t-pt,33,DEMOCRATIC,c-t-p,1,Democratic,s,WI,WI,y,2000,2000,c-r-t,1,Standard,c-r-osid,8733,"ASSEMBLY DISTRICT 087",c-t-ico,I,Incumbent,c-r-ot,H,"State House/Assembly",24,12514.85
dt=1&s=WI&y=2000&c-exi=1&c-r-ot=H&c-t-id=48623&c-r-ot=H,c-t-id,48623,"RUSSELL, TIMOTHY D",c-t-eid,6652973,"RUSSELL, TIMOTHY D",c-t-ftsts,Lost-General,Lost-General,c-t-sts,2,Lost,c-t-pt,139,REPUBLICAN,c-t-p,2,Republican,s,WI,WI,y,2000,2000,c-r-t,1,Standard,c-r-osid,8727,"ASSEMBLY DISTRICT 081",c-t-ico,C,Challenger,c-r-ot,H,"State House/Assembly",49,12305.00
dt=1&s=WI&y=2000&c-exi=1&c-r-ot=H&c-t-id=48624&c-r-ot=H,c-t-id,48624,"SISS, ARLENE",c-t-eid,2950500,"SISS, ARLENE",c-t-ftsts,Lost-General,Lost-General,c-t-sts,2,Lost,c-t-pt,33,DEMOCRATIC,c-t-p,1,Democratic,s,WI,WI,y,2000,2000,c-r-t,1,Standard,c-r-osid,8695,"ASSEMBLY DISTRICT 049",c-t-ico,O,Open,c-r-ot,H,"State House/Assembly",33,12182.00
dt=1&s=WI&y=2000&c-exi=1&c-r-ot=H&c-t-id=48665&c-r-ot=H,c-t-id,48665,"SWEGER, WADE",c-t-eid,13009570,"SWEGER, WADE",c-t-ftsts,Lost-General,Lost-General,c-t-sts,2,Lost,c-t-pt,139,REPUBLICAN,c-t-p,2,Republican,s,WI,WI,y,2000,2000,c-r-t,1,Standard,c-r-osid,8691,"ASSEMBLY DISTRICT 045",c-t-ico,C,Challenger,c-r-ot,H,"State House/Assembly",40,11862.00
dt=1&s=WI&y=2000&c-exi=1&c-r-ot=H&c-t-id=48662&c-r-ot=H,c-t-id,48662,"CAMERON, DUNCAN",c-t-eid,6449827,"CAMERON, DUNCAN",c-t-ftsts,Lost-General,Lost-General,c-t-sts,2,Lost,c-t-pt,33,DEMOCRATIC,c-t-p,1,Democratic,s,WI,WI,y,2000,2000,c-r-t,1,Standard,c-r-osid,8739,"ASSEMBLY DISTRICT 093",c-t-ico,C,Challenger,c-r-ot,H,"State House/Assembly",26,11853.00
dt=1&s=WI&y=2000&c-exi=1&c-r-ot=H&c-t-id=48634&c-r-ot=H,c-t-id,48634,"SERVAIS, JIM",c-t-eid,6449775,"SERVAIS, JIM",c-t-ftsts,Lost-General,Lost-General,c-t-sts,2,Lost,c-t-pt,33,DEMOCRATIC,c-t-p,1,Democratic,s,WI,WI,y,2000,2000,c-r-t,1,Standard,c-r-osid,8742,"ASSEMBLY DISTRICT 096",c-t-ico,C,Challenger,c-r-ot,H,"State House/Assembly",54,11417.00
dt=1&s=WI&y=2000&c-exi=1&c-r-ot=H&c-t-id=48659&c-r-ot=H,c-t-id,48659,"HARRIS, LEO V",c-t-eid,13009643,"HARRIS, LEO V",c-t-ftsts,Lost-General,Lost-General,c-t-sts,2,Lost,c-t-pt,139,REPUBLICAN,c-t-p,2,Republican,s,WI,WI,y,2000,2000,c-r-t,1,Standard,c-r-osid,8717,"ASSEMBLY DISTRICT 071",c-t-ico,C,Challenger,c-r-ot,H,"State House/Assembly",44,11087.00
dt=1&s=WI&y=2000&c-exi=1&c-r-ot=H&c-t-id=48610&c-r-ot=H,c-t-id,48610,"LIPPERT, ALBERT",c-t-eid,6651147,"LIPPERT, ALBERT",c-t-ftsts,Lost-General,Lost-General,c-t-sts,2,Lost,c-t-pt,139,REPUBLICAN,c-t-p,2,Republican,s,WI,WI,y,2000,2000,c-r-t,1,Standard,c-r-osid,8731,"ASSEMBLY DISTRICT 085",c-t-ico,C,Challenger,c-r-ot,H,"State House/Assembly",95,10955.00
dt=1&s=WI&y=2000&c-exi=1&c-r-ot=H&c-t-id=102047&c-r-ot=H,c-t-id,102047,"COGGS, G SPENCER",c-t-eid,12996941,"COGGS, G SPENCER",c-t-ftsts,Won-General,Won-General,c-t-sts,1,Won,c-t-pt,33,DEMOCRATIC,c-t-p,1,Democratic,s,WI,WI,y,2000,2000,c-r-t,1,Standard,c-r-osid,8663,"ASSEMBLY DISTRICT 017",c-t-ico,I,Incumbent,c-r-ot,H,"State House/Assembly",31,10858.71
dt=1&s=WI&y=2000&c-exi=1&c-r-ot=H&c-t-id=102065&c-r-ot=H,c-t-id,102065,"TURNER, ROBERT L",c-t-eid,3662954,"TURNER, ROBERT L",c-t-ftsts,Won-General,Won-General,c-t-sts,1,Won,c-t-pt,33,DEMOCRATIC,c-t-p,1,Democratic,s,WI,WI,y,2000,2000,c-r-t,1,Standard,c-r-osid,8707,"ASSEMBLY DISTRICT 061",c-t-ico,I,Incumbent,c-r-ot,H,"State House/Assembly",22,10499.01
dt=1&s=WI&y=2000&c-exi=1&c-r-ot=H&c-t-id=48605&c-r-ot=H,c-t-id,48605,"GIEDD, JIM",c-t-eid,6449711,"GIEDD, JIM",c-t-ftsts,Lost-General,Lost-General,c-t-sts,2,Lost,c-t-pt,33,DEMOCRATIC,c-t-p,1,Democratic,s,WI,WI,y,2000,2000,c-r-t,1,Standard,c-r-osid,8685,"ASSEMBLY DISTRICT 039",c-t-ico,O,Open,c-r-ot,H,"State House/Assembly",38,10482.00
dt=1&s=WI&y=2000&c-exi=1&c-r-ot=H&c-t-id=102107&c-r-ot=H,c-t-id,102107,"MORRIS-TATUM, JOHNNIE",c-t-eid,6397588,"MORRIS-TATUM, JOHNNIE",c-t-ftsts,Won-General,Won-General,c-t-sts,1,Won,c-t-pt,33,DEMOCRATIC,c-t-p,1,Democratic,s,WI,WI,y,2000,2000,c-r-t,1,Standard,c-r-osid,8657,"ASSEMBLY DISTRICT 011",c-t-ico,I,Incumbent,c-r-ot,H,"State House/Assembly",31,9921.42
dt=1&s=WI&y=2000&c-exi=1&c-r-ot=H&c-t-id=48625&c-r-ot=H,c-t-id,48625,"JONES, DAVE",c-t-eid,6652977,"JONES, DAVE",c-t-ftsts,Lost-General,Lost-General,c-t-sts,2,Lost,c-t-pt,139,REPUBLICAN,c-t-p,2,Republican,s,WI,WI,y,2000,2000,c-r-t,1,Standard,c-r-osid,8692,"ASSEMBLY DISTRICT 046",c-t-ico,C,Challenger,c-r-ot,H,"State House/Assembly",22,9912.00
dt=1&s=WI&y=2000&c-exi=1&c-r-ot=H&c-t-id=11656&c-r-ot=H,c-t-id,11656,"PUKSICH, MICHAEL J",c-t-eid,13009511,"PUKSICH, MICHAEL J",c-t-ftsts,Lost-Primary,Lost-Primary,c-t-sts,2,Lost,c-t-pt,33,DEMOCRATIC,c-t-p,1,Democratic,s,WI,WI,y,2000,2000,c-r-t,1,Standard,c-r-osid,8672,"ASSEMBLY DISTRICT 026",c-t-ico,O,Open,c-r-ot,H,"State House/Assembly",38,9775.00
dt=1&s=WI&y=2000&c-exi=1&c-r-ot=H&c-t-id=48641&c-r-ot=H,c-t-id,48641,"MANNISTO, RICHARD T",c-t-eid,13009482,"MANNISTO, RICHARD T",c-t-ftsts,Lost-General,Lost-General,c-t-sts,2,Lost,c-t-pt,139,REPUBLICAN,c-t-p,2,Republican,s,WI,WI,y,2000,2000,c-r-t,1,Standard,c-r-osid,8655,"ASSEMBLY DISTRICT 009",c-t-ico,C,Challenger,c-r-ot,H,"State House/Assembly",26,9756.00
dt=1&s=WI&y=2000&c-exi=1&c-r-ot=H&c-t-id=48656&c-r-ot=H,c-t-id,48656,"LUNDGAARD, LAURIE J",c-t-eid,6449810,"LUNDGAARD, LAURIE J",c-t-ftsts,Lost-General,Lost-General,c-t-sts,2,Lost,c-t-pt,33,DEMOCRATIC,c-t-p,1,Democratic,s,WI,WI,y,2000,2000,c-r-t,1,Standard,c-r-osid,8676,"ASSEMBLY DISTRICT 030",c-t-ico,C,Challenger,c-r-ot,H,"State House/Assembly",15,9667.00
dt=1&s=WI&y=2000&c-exi=1&c-r-ot=H&c-t-id=48643&c-r-ot=H,c-t-id,48643,"ADAMCZYK, STEVE",c-t-eid,13009478,"ADAMCZYK, STEVE",c-t-ftsts,Lost-General,Lost-General,c-t-sts,2,Lost,c-t-pt,139,REPUBLICAN,c-t-p,2,Republican,s,WI,WI,y,2000,2000,c-r-t,1,Standard,c-r-osid,8653,"ASSEMBLY DISTRICT 007",c-t-ico,C,Challenger,c-r-ot,H,"State House/Assembly",28,8930.00
dt=1&s=WI&y=2000&c-exi=1&c-r-ot=H&c-t-id=48617&c-r-ot=H,c-t-id,48617,"WHITE, ROSE C",c-t-eid,13009595,"WHITE, ROSE C",c-t-ftsts,Lost-General,Lost-General,c-t-sts,2,Lost,c-t-pt,33,DEMOCRATIC,c-t-p,1,Democratic,s,WI,WI,y,2000,2000,c-r-t,1,Standard,c-r-osid,8697,"ASSEMBLY DISTRICT 051",c-t-ico,C,Challenger,c-r-ot,H,"State House/Assembly",23,8788.00
dt=1&s=WI&y=2000&c-exi=1&c-r-ot=H&c-t-id=48607&c-r-ot=H,c-t-id,48607,"MURPHY, JIM",c-t-eid,13009560,"MURPHY, JIM",c-t-ftsts,Lost-General,Lost-General,c-t-sts,2,Lost,c-t-pt,33,DEMOCRATIC,c-t-p,1,Democratic,s,WI,WI,y,2000,2000,c-r-t,1,Standard,c-r-osid,8688,"ASSEMBLY DISTRICT 042",c-t-ico,C,Challenger,c-r-ot,H,"State House/Assembly",24,8781.00
dt=1&s=WI&y=2000&c-exi=1&c-r-ot=H&c-t-id=48593&c-r-ot=H,c-t-id,48593,"HAEMER, CARL",c-t-eid,13009635,"HAEMER, CARL",c-t-ftsts,Lost-General,Lost-General,c-t-sts,2,Lost,c-t-pt,33,DEMOCRATIC,c-t-p,1,Democratic,s,WI,WI,y,2000,2000,c-r-t,1,Standard,c-r-osid,8715,"ASSEMBLY DISTRICT 069",c-t-ico,C,Challenger,c-r-ot,H,"State House/Assembly",27,8692.00
dt=1&s=WI&y=2000&c-exi=1&c-r-ot=H&c-t-id=48653&c-r-ot=H,c-t-id,48653,"NATHAN, ANDY",c-t-eid,13009656,"NATHAN, ANDY",c-t-ftsts,Lost-General,Lost-General,c-t-sts,2,Lost,c-t-pt,139,REPUBLICAN,c-t-p,2,Republican,s,WI,WI,y,2000,2000,c-r-t,1,Standard,c-r-osid,8722,"ASSEMBLY DISTRICT 076",c-t-ico,C,Challenger,c-r-ot,H,"State House/Assembly",22,8372.00
dt=1&s=WI&y=2000&c-exi=1&c-r-ot=H&c-t-id=11667&c-r-ot=H,c-t-id,11667,"RADUEGE, WILLIAM E",c-t-eid,13009536,"RADUEGE, WILLIAM E",c-t-ftsts,Lost-Primary,Lost-Primary,c-t-sts,2,Lost,c-t-pt,139,REPUBLICAN,c-t-p,2,Republican,s,WI,WI,y,2000,2000,c-r-t,1,Standard,c-r-osid,8680,"ASSEMBLY DISTRICT 034",c-t-ico,O,Open,c-r-ot,H,"State House/Assembly",50,8358.00
dt=1&s=WI&y=2000&c-exi=1&c-r-ot=H&c-t-id=11662&c-r-ot=H,c-t-id,11662,"MORGAN, GARY W",c-t-eid,13009639,"MORGAN, GARY W",c-t-ftsts,Lost-Primary,Lost-Primary,c-t-sts,2,Lost,c-t-pt,33,DEMOCRATIC,c-t-p,1,Democratic,s,WI,WI,y,2000,2000,c-r-t,1,Standard,c-r-osid,8716,"ASSEMBLY DISTRICT 070",c-t-ico,O,Open,c-r-ot,H,"State House/Assembly",33,8355.00
dt=1&s=WI&y=2000&c-exi=1&c-r-ot=H&c-t-id=48604&c-r-ot=H,c-t-id,48604,"DRUMEL, DANIEL J",c-t-eid,6449705,"DRUMEL, DANIEL J",c-t-ftsts,Lost-General,Lost-General,c-t-sts,2,Lost,c-t-pt,33,DEMOCRATIC,c-t-p,1,Democratic,s,WI,WI,y,2000,2000,c-r-t,1,Standard,c-r-osid,8729,"ASSEMBLY DISTRICT 083",c-t-ico,C,Challenger,c-r-ot,H,"State House/Assembly",20,8242.00
dt=1&s=WI&y=2000&c-exi=1&c-r-ot=H&c-t-id=11673&c-r-ot=H,c-t-id,11673,"BINA, MICHAEL",c-t-eid,13009693,"BINA, MICHAEL",c-t-ftsts,Lost-Primary,Lost-Primary,c-t-sts,2,Lost,c-t-pt,139,REPUBLICAN,c-t-p,2,Republican,s,WI,WI,y,2000,2000,c-r-t,1,Standard,c-r-osid,8734,"ASSEMBLY DISTRICT 088",c-t-ico,O,Open,c-r-ot,H,"State House/Assembly",37,8062.00
dt=1&s=WI&y=2000&c-exi=1&c-r-ot=H&c-t-id=48664&c-r-ot=H,c-t-id,48664,"MULDER, DIRK",c-t-eid,13009705,"MULDER, DIRK",c-t-ftsts,Lost-General,Lost-General,c-t-sts,2,Lost,c-t-pt,33,DEMOCRATIC,c-t-p,1,Democratic,s,WI,WI,y,2000,2000,c-r-t,1,Standard,c-r-osid,8740,"ASSEMBLY DISTRICT 094",c-t-ico,C,Challenger,c-r-ot,H,"State House/Assembly",15,8003.00
dt=1&s=WI&y=2000&c-exi=1&c-r-ot=H&c-t-id=48644&c-r-ot=H,c-t-id,48644,"COLLINS, PAT",c-t-eid,6449793,"COLLINS, PAT",c-t-ftsts,Lost-General,Lost-General,c-t-sts,2,Lost,c-t-pt,33,DEMOCRATIC,c-t-p,1,Democratic,s,WI,WI,y,2000,2000,c-r-t,1,Standard,c-r-osid,8650,"ASSEMBLY DISTRICT 004",c-t-ico,C,Challenger,c-r-ot,H,"State House/Assembly",18,7967.00
dt=1&s=WI&y=2000&c-exi=1&c-r-ot=H&c-t-id=102108&c-r-ot=H,c-t-id,102108,"MILLER, MARK",c-t-eid,2621360,"MILLER, MARK",c-t-ftsts,Won-General,Won-General,c-t-sts,1,Won,c-t-pt,33,DEMOCRATIC,c-t-p,1,Democratic,s,WI,WI,y,2000,2000,c-r-t,1,Standard,c-r-osid,8694,"ASSEMBLY DISTRICT 048",c-t-ico,I,Incumbent,c-r-ot,H,"State House/Assembly",25,7805.73
dt=1&s=WI&y=2000&c-exi=1&c-r-ot=H&c-t-id=48612&c-r-ot=H,c-t-id,48612,"BARKER, DENISE C",c-t-eid,6447441,"BARKER, DENISE C",c-t-ftsts,Lost-General,Lost-General,c-t-sts,2,Lost,c-t-pt,33,DEMOCRATIC,c-t-p,1,Democratic,s,WI,WI,y,2000,2000,c-r-t,1,Standard,c-r-osid,8684,"ASSEMBLY DISTRICT 038",c-t-ico,C,Challenger,c-r-ot,H,"State House/Assembly",18,7805.00
dt=1&s=WI&y=2000&c-exi=1&c-r-ot=H&c-t-id=11669&c-r-ot=H,c-t-id,11669,"HEGARD, ROY",c-t-eid,13009607,"HEGARD, ROY",c-t-ftsts,Lost-Primary,Lost-Primary,c-t-sts,2,Lost,c-t-pt,139,REPUBLICAN,c-t-p,2,Republican,s,WI,WI,y,2000,2000,c-r-t,1,Standard,c-r-osid,8702,"ASSEMBLY DISTRICT 056",c-t-ico,O,Open,c-r-ot,H,"State House/Assembly",16,7745.00
dt=1&s=WI&y=2000&c-exi=1&c-r-ot=H&c-t-id=48658&c-r-ot=H,c-t-id,48658,"MEAD, PAT",c-t-eid,13009672,"MEAD, PAT",c-t-ftsts,Lost-General,Lost-General,c-t-sts,2,Lost,c-t-pt,33,DEMOCRATIC,c-t-p,1,Democratic,s,WI,WI,y,2000,2000,c-r-t,1,Standard,c-r-osid,8728,"ASSEMBLY DISTRICT 082",c-t-ico,C,Challenger,c-r-ot,H,"State House/Assembly",21,7742.00
dt=1&s=WI&y=2000&c-exi=1&c-r-ot=H&c-t-id=102112&c-r-ot=H,c-t-id,102112,"YOUNG, LEON D",c-t-eid,13009494,"YOUNG, LEON D",c-t-ftsts,Won-General,Won-General,c-t-sts,1,Won,c-t-pt,33,DEMOCRATIC,c-t-p,1,Democratic,s,WI,WI,y,2000,2000,c-r-t,1,Standard,c-r-osid,8662,"ASSEMBLY DISTRICT 016",c-t-ico,I,Incumbent,c-r-ot,H,"State House/Assembly",14,7590.37
dt=1&s=WI&y=2000&c-exi=1&c-r-ot=H&c-t-id=48595&c-r-ot=H,c-t-id,48595,"MEAD, ROBERT R",c-t-eid,13009594,"MEAD, ROBERT R",c-t-ftsts,Lost-General,Lost-General,c-t-sts,2,Lost,c-t-pt,51,GREEN,c-t-p,3,Third-Party,s,WI,WI,y,2000,2000,c-r-t,1,Standard,c-r-osid,8697,"ASSEMBLY DISTRICT 051",c-t-ico,C,Challenger,c-r-ot,H,"State House/Assembly",5,7574.00
dt=1&s=WI&y=2000&c-exi=1&c-r-ot=H&c-t-id=48645&c-r-ot=H,c-t-id,48645,"VANDIERENDONCK, CHAD",c-t-eid,6449797,"VANDIERENDONCK, CHAD",c-t-ftsts,Lost-General,Lost-General,c-t-sts,2,Lost,c-t-pt,33,DEMOCRATIC,c-t-p,1,Democratic,s,WI,WI,y,2000,2000,c-r-t,1,Standard,c-r-osid,8678,"ASSEMBLY DISTRICT 032",c-t-ico,C,Challenger,c-r-ot,H,"State House/Assembly",14,7442.00
dt=1&s=WI&y=2000&c-exi=1&c-r-ot=H&c-t-id=11642&c-r-ot=H,c-t-id,11642,"SWAIN, CHARLES E",c-t-eid,6652943,"SWAIN, CHARLES E",c-t-ftsts,Lost-Primary,Lost-Primary,c-t-sts,2,Lost,c-t-pt,139,REPUBLICAN,c-t-p,2,Republican,s,WI,WI,y,2000,2000,c-r-t,1,Standard,c-r-osid,8685,"ASSEMBLY DISTRICT 039",c-t-ico,O,Open,c-r-ot,H,"State House/Assembly",55,7305.00
dt=1&s=WI&y=2000&c-exi=1&c-r-ot=H&c-t-id=48613&c-r-ot=H,c-t-id,48613,"HAGER, ALAN",c-t-eid,13009694,"HAGER, ALAN",c-t-ftsts,Lost-General,Lost-General,c-t-sts,2,Lost,c-t-pt,33,DEMOCRATIC,c-t-p,1,Democratic,s,WI,WI,y,2000,2000,c-r-t,1,Standard,c-r-osid,8735,"ASSEMBLY DISTRICT 089",c-t-ico,C,Challenger,c-r-ot,H,"State House/Assembly",16,7192.00
dt=1&s=WI&y=2000&c-exi=1&c-r-ot=H&c-t-id=48657&c-r-ot=H,c-t-id,48657,"WOODS, SCOTT ALLAN",c-t-eid,2980463,"WOODS, SCOTT ALLAN",c-t-ftsts,Lost-General,Lost-General,c-t-sts,2,Lost,c-t-pt,33,DEMOCRATIC,c-t-p,1,Democratic,s,WI,WI,y,2000,2000,c-r-t,1,Standard,c-r-osid,8689,"ASSEMBLY DISTRICT 043",c-t-ico,C,Challenger,c-r-ot,H,"State House/Assembly",13,6642.00
dt=1&s=WI&y=2000&c-exi=1&c-r-ot=H&c-t-id=48591&c-r-ot=H,c-t-id,48591,"KLEIN, ANITA",c-t-eid,13009515,"KLEIN, ANITA",c-t-ftsts,Lost-General,Lost-General,c-t-sts,2,Lost,c-t-pt,33,DEMOCRATIC,c-t-p,1,Democratic,s,WI,WI,y,2000,2000,c-r-t,1,Standard,c-r-osid,8673,"ASSEMBLY DISTRICT 027",c-t-ico,C,Challenger,c-r-ot,H,"State House/Assembly",3,6142.00
dt=1&s=WI&y=2000&c-exi=1&c-r-ot=H&c-t-id=102165&c-r-ot=H,c-t-id,102165,"SINICKI, CHRISTINE",c-t-eid,2943905,"SINICKI, CHRISTINE",c-t-ftsts,Won-General,Won-General,c-t-sts,1,Won,c-t-pt,33,DEMOCRATIC,c-t-p,1,Democratic,s,WI,WI,y,2000,2000,c-r-t,1,Standard,c-r-osid,8666,"ASSEMBLY DISTRICT 020",c-t-ico,I,Incumbent,c-r-ot,H,"State House/Assembly",19,5401.52
dt=1&s=WI&y=2000&c-exi=1&c-r-ot=H&c-t-id=102020&c-r-ot=H,c-t-id,102020,"WILLIAMS, ANNETTE POLLY",c-t-eid,2922975,"WILLIAMS, ANNETTE POLLY",c-t-ftsts,Won-General,Won-General,c-t-sts,1,Won,c-t-pt,33,DEMOCRATIC,c-t-p,1,Democratic,s,WI,WI,y,2000,2000,c-r-t,1,Standard,c-r-osid,8656,"ASSEMBLY DISTRICT 010",c-t-ico,I,Incumbent,c-r-ot,H,"State House/Assembly",7,5310.48
dt=1&s=WI&y=2000&c-exi=1&c-r-ot=H&c-t-id=11665&c-r-ot=H,c-t-id,11665,"POEHLMAN, MARY KAY",c-t-eid,13009552,"POEHLMAN, MARY KAY",c-t-ftsts,Lost-Primary,Lost-Primary,c-t-sts,2,Lost,c-t-pt,139,REPUBLICAN,c-t-p,2,Republican,s,WI,WI,y,2000,2000,c-r-t,1,Standard,c-r-osid,8686,"ASSEMBLY DISTRICT 040",c-t-ico,C,Challenger,c-r-ot,H,"State House/Assembly",10,5215.00
dt=1&s=WI&y=2000&c-exi=1&c-r-ot=H&c-t-id=48651&c-r-ot=H,c-t-id,48651,"MORROW, JAN",c-t-eid,4329826,"MORROW, JAN",c-t-ftsts,Lost-General,Lost-General,c-t-sts,2,Lost,c-t-pt,33,DEMOCRATIC,c-t-p,1,Democratic,s,WI,WI,y,2000,2000,c-r-t,1,Standard,c-r-osid,8713,"ASSEMBLY DISTRICT 067",c-t-ico,C,Challenger,c-r-ot,H,"State House/Assembly",22,5051.00
dt=1&s=WI&y=2000&c-exi=1&c-r-ot=H&c-t-id=11635&c-r-ot=H,c-t-id,11635,"KRUEGER, JACK",c-t-eid,6449695,"KRUEGER, JACK",c-t-ftsts,Lost-Primary,Lost-Primary,c-t-sts,2,Lost,c-t-pt,33,DEMOCRATIC,c-t-p,1,Democratic,s,WI,WI,y,2000,2000,c-r-t,1,Standard,c-r-osid,8734,"ASSEMBLY DISTRICT 088",c-t-ico,O,Open,c-r-ot,H,"State House/Assembly",28,4775.00
dt=1&s=WI&y=2000&c-exi=1&c-r-ot=H&c-t-id=11666&c-r-ot=H,c-t-id,11666,"BLOECHL, MELANIE",c-t-eid,6653052,"BLOECHL, MELANIE",c-t-ftsts,Lost-Primary,Lost-Primary,c-t-sts,2,Lost,c-t-pt,139,REPUBLICAN,c-t-p,2,Republican,s,WI,WI,y,2000,2000,c-r-t,1,Standard,c-r-osid,8700,"ASSEMBLY DISTRICT 054",c-t-ico,C,Challenger,c-r-ot,H,"State House/Assembly",23,4006.00
dt=1&s=WI&y=2000&c-exi=1&c-r-ot=H&c-t-id=48648&c-r-ot=H,c-t-id,48648,"STRNAD, RYAN",c-t-eid,13009499,"STRNAD, RYAN",c-t-ftsts,Lost-General,Lost-General,c-t-sts,2,Lost,c-t-pt,139,REPUBLICAN,c-t-p,2,Republican,s,WI,WI,y,2000,2000,c-r-t,1,Standard,c-r-osid,8667,"ASSEMBLY DISTRICT 021",c-t-ico,C,Challenger,c-r-ot,H,"State House/Assembly",10,3425.00
dt=1&s=WI&y=2000&c-exi=1&c-r-ot=H&c-t-id=11647&c-r-ot=H,c-t-id,11647,"FERGUSON, ALAN A",c-t-eid,13009664,"FERGUSON, ALAN A",c-t-ftsts,Lost-Primary,Lost-Primary,c-t-sts,2,Lost,c-t-pt,33,DEMOCRATIC,c-t-p,1,Democratic,s,WI,WI,y,2000,2000,c-r-t,1,Standard,c-r-osid,8726,"ASSEMBLY DISTRICT 080",c-t-ico,O,Open,c-r-ot,H,"State House/Assembly",24,3219.00
dt=1&s=WI&y=2000&c-exi=1&c-r-ot=H&c-t-id=48592&c-r-ot=H,c-t-id,48592,"MENAMIN, BOB",c-t-eid,3963260,"MENAMIN, BOB",c-t-ftsts,Lost-General,Lost-General,c-t-sts,2,Lost,c-t-pt,62,INDEPENDENT,c-t-p,3,Third-Party,s,WI,WI,y,2000,2000,c-r-t,1,Standard,c-r-osid,8725,"ASSEMBLY DISTRICT 079",c-t-ico,C,Challenger,c-r-ot,H,"State House/Assembly",18,3115.00
dt=1&s=WI&y=2000&c-exi=1&c-r-ot=H&c-t-id=11670&c-r-ot=H,c-t-id,11670,"KAHLOW, CHRISTINE A",c-t-eid,13009710,"KAHLOW, CHRISTINE A",c-t-ftsts,Lost-Primary,Lost-Primary,c-t-sts,2,Lost,c-t-pt,33,DEMOCRATIC,c-t-p,1,Democratic,s,WI,WI,y,2000,2000,c-r-t,1,Standard,c-r-osid,8741,"ASSEMBLY DISTRICT 095",c-t-ico,O,Open,c-r-ot,H,"State House/Assembly",18,2800.00
dt=1&s=WI&y=2000&c-exi=1&c-r-ot=H&c-t-id=48654&c-r-ot=H,c-t-id,48654,"DUNCAN, MARK",c-t-eid,13009618,"DUNCAN, MARK",c-t-ftsts,Lost-General,Lost-General,c-t-sts,2,Lost,c-t-pt,29,CONSTITUTION,c-t-p,3,Third-Party,s,WI,WI,y,2000,2000,c-r-t,1,Standard,c-r-osid,8708,"ASSEMBLY DISTRICT 062",c-t-ico,C,Challenger,c-r-ot,H,"State House/Assembly",18,2742.00
dt=1&s=WI&y=2000&c-exi=1&c-r-ot=H&c-t-id=11638&c-r-ot=H,c-t-id,11638,"GILMAN, CHARLES R",c-t-eid,13009533,"GILMAN, CHARLES R",c-t-ftsts,Lost-Primary,Lost-Primary,c-t-sts,2,Lost,c-t-pt,139,REPUBLICAN,c-t-p,2,Republican,s,WI,WI,y,2000,2000,c-r-t,1,Standard,c-r-osid,8680,"ASSEMBLY DISTRICT 034",c-t-ico,O,Open,c-r-ot,H,"State House/Assembly",20,2538.00
dt=1&s=WI&y=2000&c-exi=1&c-r-ot=H&c-t-id=11664&c-r-ot=H,c-t-id,11664,"SHERMAN, PATRICK L",c-t-eid,13009623,"SHERMAN, PATRICK L",c-t-ftsts,Lost-Primary,Lost-Primary,c-t-sts,2,Lost,c-t-pt,139,REPUBLICAN,c-t-p,2,Republican,s,WI,WI,y,2000,2000,c-r-t,1,Standard,c-r-osid,8712,"ASSEMBLY DISTRICT 066",c-t-ico,O,Open,c-r-ot,H,"State House/Assembly",25,2446.00
dt=1&s=WI&y=2000&c-exi=1&c-r-ot=H&c-t-id=48635&c-r-ot=H,c-t-id,48635,"HUEBLER, TODD",c-t-eid,13009648,"HUEBLER, TODD",c-t-ftsts,Lost-General,Lost-General,c-t-sts,2,Lost,c-t-pt,139,REPUBLICAN,c-t-p,2,Republican,s,WI,WI,y,2000,2000,c-r-t,1,Standard,c-r-osid,8718,"ASSEMBLY DISTRICT 072",c-t-ico,C,Challenger,c-r-ot,H,"State House/Assembly",12,2400.00
dt=1&s=WI&y=2000&c-exi=1&c-r-ot=H&c-t-id=11655&c-r-ot=H,c-t-id,11655,"CARL, MARLIN",c-t-eid,13009585,"CARL, MARLIN",c-t-ftsts,Lost-Primary,Lost-Primary,c-t-sts,2,Lost,c-t-pt,139,REPUBLICAN,c-t-p,2,Republican,s,WI,WI,y,2000,2000,c-r-t,1,Standard,c-r-osid,8695,"ASSEMBLY DISTRICT 049",c-t-ico,O,Open,c-r-ot,H,"State House/Assembly",2,2251.00
dt=1&s=WI&y=2000&c-exi=1&c-r-ot=H&c-t-id=11636&c-r-ot=H,c-t-id,11636,"ROVICS, STEVE",c-t-eid,13009550,"ROVICS, STEVE",c-t-ftsts,Lost-Primary,Lost-Primary,c-t-sts,2,Lost,c-t-pt,139,REPUBLICAN,c-t-p,2,Republican,s,WI,WI,y,2000,2000,c-r-t,1,Standard,c-r-osid,8685,"ASSEMBLY DISTRICT 039",c-t-ico,O,Open,c-r-ot,H,"State House/Assembly",12,2240.00
dt=1&s=WI&y=2000&c-exi=1&c-r-ot=H&c-t-id=11658&c-r-ot=H,c-t-id,11658,"BRECHLER, TROY A",c-t-eid,13009586,"BRECHLER, TROY A",c-t-ftsts,Lost-Primary,Lost-Primary,c-t-sts,2,Lost,c-t-pt,139,REPUBLICAN,c-t-p,2,Republican,s,WI,WI,y,2000,2000,c-r-t,1,Standard,c-r-osid,8695,"ASSEMBLY DISTRICT 049",c-t-ico,O,Open,c-r-ot,H,"State House/Assembly",14,2176.00
dt=1&s=WI&y=2000&c-exi=1&c-r-ot=H&c-t-id=11663&c-r-ot=H,c-t-id,11663,"SKEMP JR, DANIEL C",c-t-eid,13009708,"SKEMP JR, DANIEL C",c-t-ftsts,Lost-Primary,Lost-Primary,c-t-sts,2,Lost,c-t-pt,139,REPUBLICAN,c-t-p,2,Republican,s,WI,WI,y,2000,2000,c-r-t,1,Standard,c-r-osid,8741,"ASSEMBLY DISTRICT 095",c-t-ico,O,Open,c-r-ot,H,"State House/Assembly",18,2154.00
dt=1&s=WI&y=2000&c-exi=1&c-r-ot=H&c-t-id=11639&c-r-ot=H,c-t-id,11639,"SCHAEFER, LARRY W",c-t-eid,13009534,"SCHAEFER, LARRY W",c-t-ftsts,Lost-Primary,Lost-Primary,c-t-sts,2,Lost,c-t-pt,33,DEMOCRATIC,c-t-p,1,Democratic,s,WI,WI,y,2000,2000,c-r-t,1,Standard,c-r-osid,8680,"ASSEMBLY DISTRICT 034",c-t-ico,O,Open,c-r-ot,H,"State House/Assembly",15,2050.00
dt=1&s=WI&y=2000&c-exi=1&c-r-ot=H&c-t-id=11657&c-r-ot=H,c-t-id,11657,"KURTZ, PAUL",c-t-eid,13009567,"KURTZ, PAUL",c-t-ftsts,Lost-Primary,Lost-Primary,c-t-sts,2,Lost,c-t-pt,139,REPUBLICAN,c-t-p,2,Republican,s,WI,WI,y,2000,2000,c-r-t,1,Standard,c-r-osid,8690,"ASSEMBLY DISTRICT 044",c-t-ico,O,Open,c-r-ot,H,"State House/Assembly",16,1833.00
dt=1&s=WI&y=2000&c-exi=1&c-r-ot=H&c-t-id=11651&c-r-ot=H,c-t-id,11651,"STARR, ROBERT J",c-t-eid,13009584,"STARR, ROBERT J",c-t-ftsts,Lost-Primary,Lost-Primary,c-t-sts,2,Lost,c-t-pt,139,REPUBLICAN,c-t-p,2,Republican,s,WI,WI,y,2000,2000,c-r-t,1,Standard,c-r-osid,8695,"ASSEMBLY DISTRICT 049",c-t-ico,O,Open,c-r-ot,H,"State House/Assembly",13,1764.00
dt=1&s=WI&y=2000&c-exi=1&c-r-ot=H&c-t-id=11654&c-r-ot=H,c-t-id,11654,"SPEICH, MICHAEL H",c-t-eid,6449751,"SPEICH, MICHAEL H",c-t-ftsts,Lost-Primary,Lost-Primary,c-t-sts,2,Lost,c-t-pt,33,DEMOCRATIC,c-t-p,1,Democratic,s,WI,WI,y,2000,2000,c-r-t,1,Standard,c-r-osid,8718,"ASSEMBLY DISTRICT 072",c-t-ico,C,Challenger,c-r-ot,H,"State House/Assembly",25,1717.00
dt=1&s=WI&y=2000&c-exi=1&c-r-ot=H&c-t-id=48655&c-r-ot=H,c-t-id,48655,"BELKEN, GREG",c-t-eid,13009600,"BELKEN, GREG",c-t-ftsts,Lost-General,Lost-General,c-t-sts,2,Lost,c-t-pt,33,DEMOCRATIC,c-t-p,1,Democratic,s,WI,WI,y,2000,2000,c-r-t,1,Standard,c-r-osid,8700,"ASSEMBLY DISTRICT 054",c-t-ico,C,Challenger,c-r-ot,H,"State House/Assembly",17,1700.00
dt=1&s=WI&y=2000&c-exi=1&c-r-ot=H&c-t-id=11660&c-r-ot=H,c-t-id,11660,"FAGER, BRIAN K",c-t-eid,13009587,"FAGER, BRIAN K",c-t-ftsts,Lost-Primary,Lost-Primary,c-t-sts,2,Lost,c-t-pt,139,REPUBLICAN,c-t-p,2,Republican,s,WI,WI,y,2000,2000,c-r-t,1,Standard,c-r-osid,8695,"ASSEMBLY DISTRICT 049",c-t-ico,O,Open,c-r-ot,H,"State House/Assembly",14,1595.00
dt=1&s=WI&y=2000&c-exi=1&c-r-ot=H&c-t-id=11671&c-r-ot=H,c-t-id,11671,"HINDERMAN, GERALD H",c-t-eid,13009588,"HINDERMAN, GERALD H",c-t-ftsts,Lost-Primary,Lost-Primary,c-t-sts,2,Lost,c-t-pt,139,REPUBLICAN,c-t-p,2,Republican,s,WI,WI,y,2000,2000,c-r-t,1,Standard,c-r-osid,8695,"ASSEMBLY DISTRICT 049",c-t-ico,O,Open,c-r-ot,H,"State House/Assembly",6,1400.00
dt=1&s=WI&y=2000&c-exi=1&c-r-ot=H&c-t-id=11641&c-r-ot=H,c-t-id,11641,"RUNDELL, BOB",c-t-eid,13009583,"RUNDELL, BOB",c-t-ftsts,Lost-Primary,Lost-Primary,c-t-sts,2,Lost,c-t-pt,33,DEMOCRATIC,c-t-p,1,Democratic,s,WI,WI,y,2000,2000,c-r-t,1,Standard,c-r-osid,8695,"ASSEMBLY DISTRICT 049",c-t-ico,O,Open,c-r-ot,H,"State House/Assembly",9,1175.00
dt=1&s=WI&y=2000&c-exi=1&c-r-ot=H&c-t-id=11646&c-r-ot=H,c-t-id,11646,"HENDZEL, ED",c-t-eid,13009685,"HENDZEL, ED",c-t-ftsts,Lost-Primary,Lost-Primary,c-t-sts,2,Lost,c-t-pt,139,REPUBLICAN,c-t-p,2,Republican,s,WI,WI,y,2000,2000,c-r-t,1,Standard,c-r-osid,8733,"ASSEMBLY DISTRICT 087",c-t-ico,O,Open,c-r-ot,H,"State House/Assembly",4,739.00
dt=1&s=WI&y=2000&c-exi=1&c-r-ot=H&c-t-id=48621&c-r-ot=H,c-t-id,48621,"KOPITSKE, GLENN M",c-t-eid,13009606,"KOPITSKE, GLENN M",c-t-ftsts,Lost-General,Lost-General,c-t-sts,2,Lost,c-t-pt,33,DEMOCRATIC,c-t-p,1,Democratic,s,WI,WI,y,2000,2000,c-r-t,1,Standard,c-r-osid,8702,"ASSEMBLY DISTRICT 056",c-t-ico,O,Open,c-r-ot,H,"State House/Assembly",3,500.00
dt=1&s=WI&y=2000&c-exi=1&c-r-ot=H&c-t-id=101268&c-r-ot=H,c-t-id,101268,"ZIEGELBAUER, BOB",c-t-eid,3180872,"ZIEGELBAUER, BOB",c-t-ftsts,Won-General,Won-General,c-t-sts,1,Won,c-t-pt,33,DEMOCRATIC,c-t-p,1,Democratic,s,WI,WI,y,2000,2000,c-r-t,1,Standard,c-r-osid,8671,"ASSEMBLY DISTRICT 025",c-t-ico,I,Incumbent,c-r-ot,H,"State House/Assembly",1,477.40
dt=1&s=WI&y=2000&c-exi=1&c-r-ot=H&c-t-id=48611&c-r-ot=H,c-t-id,48611,"BERGUM, DICK",c-t-eid,13009663,"BERGUM, DICK",c-t-ftsts,Lost-General,Lost-General,c-t-sts,2,Lost,c-t-pt,29,CONSTITUTION,c-t-p,3,Third-Party,s,WI,WI,y,2000,2000,c-r-t,1,Standard,c-r-osid,8726,"ASSEMBLY DISTRICT 080",c-t-ico,C,Challenger,c-r-ot,H,"State House/Assembly",4,452.00
dt=1&s=WI&y=2000&c-exi=1&c-r-ot=H&c-t-id=11672&c-r-ot=H,c-t-id,11672,"MEYER, KENNETH I",c-t-eid,6449822,"MEYER, KENNETH I",c-t-ftsts,Lost-Primary,Lost-Primary,c-t-sts,2,Lost,c-t-pt,33,DEMOCRATIC,c-t-p,1,Democratic,s,WI,WI,y,2000,2000,c-r-t,1,Standard,c-r-osid,8742,"ASSEMBLY DISTRICT 096",c-t-ico,O,Open,c-r-ot,H,"State House/Assembly",8,285.00
dt=1&s=WI&y=2000&c-exi=1&c-r-ot=H&c-t-id=48609&c-r-ot=H,c-t-id,48609,"BRODACZYNSKI, MARK",c-t-eid,13009715,"BRODACZYNSKI, MARK",c-t-ftsts,Lost-General,Lost-General,c-t-sts,2,Lost,c-t-pt,139,REPUBLICAN,c-t-p,2,Republican,s,WI,WI,y,2000,2000,c-r-t,1,Standard,c-r-osid,8743,"ASSEMBLY DISTRICT 097",c-t-ico,C,Challenger,c-r-ot,H,"State House/Assembly",3,250.00
dt=1&s=WI&y=2000&c-exi=1&c-r-ot=H&c-t-id=11645&c-r-ot=H,c-t-id,11645,"HEINEN, JIM",c-t-eid,13009513,"HEINEN, JIM",c-t-ftsts,Lost-Primary,Lost-Primary,c-t-sts,2,Lost,c-t-pt,139,REPUBLICAN,c-t-p,2,Republican,s,WI,WI,y,2000,2000,c-r-t,1,Standard,c-r-osid,8673,"ASSEMBLY DISTRICT 027",c-t-ico,C,Challenger,c-r-ot,H,"State House/Assembly",2,200.00
dt=1&s=WI&y=2000&c-exi=1&c-r-ot=H&c-t-id=48099&c-r-ot=H,c-t-id,48099,"WATSON, LEROY L",c-t-eid,4242814,"WATSON, LEROY L",c-t-ftsts,Lost-General,Lost-General,c-t-sts,2,Lost,c-t-pt,73,LIBERTARIAN,c-t-p,3,Third-Party,s,WI,WI,y,2000,2000,c-r-t,1,Standard,c-r-osid,8684,"ASSEMBLY DISTRICT 038",c-t-ico,C,Challenger,c-r-ot,H,"State House/Assembly",1,50.00
dt=1&s=WI&y=2000&c-exi=1&c-r-ot=H&c-t-id=11204&c-r-ot=H,c-t-id,11204,"DAWES, VIOLET M",c-t-eid,6651266,"DAWES, VIOLET M",c-t-ftsts,Lost-Primary,Lost-Primary,c-t-sts,2,Lost,c-t-pt,139,REPUBLICAN,c-t-p,2,Republican,s,WI,WI,y,2000,2000,c-r-t,1,Standard,c-r-osid,8714,"ASSEMBLY DISTRICT 068",c-t-ico,O,Open,c-r-ot,H,"State House/Assembly",0,0.00
dt=1&s=WI&y=2000&c-exi=1&c-r-ot=H&c-t-id=11205&c-r-ot=H,c-t-id,11205,"HOWARD, DAVE",c-t-eid,6546019,"HOWARD, DAVE",c-t-ftsts,Lost-Primary,Lost-Primary,c-t-sts,2,Lost,c-t-pt,73,LIBERTARIAN,c-t-p,3,Third-Party,s,WI,WI,y,2000,2000,c-r-t,1,Standard,c-r-osid,8661,"ASSEMBLY DISTRICT 015",c-t-ico,O,Open,c-r-ot,H,"State House/Assembly",0,0.00
dt=1&s=WI&y=2000&c-exi=1&c-r-ot=H&c-t-id=11206&c-r-ot=H,c-t-id,11206,"KHO, NICK",c-t-eid,6556801,"KHO, NICK",c-t-ftsts,Lost-Primary,Lost-Primary,c-t-sts,2,Lost,c-t-pt,177,WRITEIN,c-t-p,3,Third-Party,s,WI,WI,y,2000,2000,c-r-t,1,Standard,c-r-osid,8723,"ASSEMBLY DISTRICT 077",c-t-ico,O,Open,c-r-ot,H,"State House/Assembly",0,0.00
dt=1&s=WI&y=2000&c-exi=1&c-r-ot=H&c-t-id=11207&c-r-ot=H,c-t-id,11207,"LOGAN, MICHAEL",c-t-eid,6556808,"LOGAN, MICHAEL",c-t-ftsts,Lost-Primary,Lost-Primary,c-t-sts,2,Lost,c-t-pt,177,WRITEIN,c-t-p,3,Third-Party,s,WI,WI,y,2000,2000,c-r-t,1,Standard,c-r-osid,8712,"ASSEMBLY DISTRICT 066",c-t-ico,O,Open,c-r-ot,H,"State House/Assembly",0,0.00
dt=1&s=WI&y=2000&c-exi=1&c-r-ot=H&c-t-id=11208&c-r-ot=H,c-t-id,11208,"MALACARA, MARLA ANN",c-t-eid,6651270,"MALACARA, MARLA ANN",c-t-ftsts,Lost-Primary,Lost-Primary,c-t-sts,2,Lost,c-t-pt,139,REPUBLICAN,c-t-p,2,Republican,s,WI,WI,y,2000,2000,c-r-t,1,Standard,c-r-osid,8709,"ASSEMBLY DISTRICT 063",c-t-ico,C,Challenger,c-r-ot,H,"State House/Assembly",0,0.00
dt=1&s=WI&y=2000&c-exi=1&c-r-ot=H&c-t-id=11209&c-r-ot=H,c-t-id,11209,"MESSERM, DAVE",c-t-eid,6651275,"MESSERM, DAVE",c-t-ftsts,Lost-Primary,Lost-Primary,c-t-sts,2,Lost,c-t-pt,139,REPUBLICAN,c-t-p,2,Republican,s,WI,WI,y,2000,2000,c-r-t,1,Standard,c-r-osid,8685,"ASSEMBLY DISTRICT 039",c-t-ico,O,Open,c-r-ot,H,"State House/Assembly",0,0.00
dt=1&s=WI&y=2000&c-exi=1&c-r-ot=H&c-t-id=11210&c-r-ot=H,c-t-id,11210,"VAN METER, HOMER",c-t-eid,6651278,"VAN METER, HOMER",c-t-ftsts,Lost-Primary,Lost-Primary,c-t-sts,2,Lost,c-t-pt,139,REPUBLICAN,c-t-p,2,Republican,s,WI,WI,y,2000,2000,c-r-t,1,Standard,c-r-osid,8680,"ASSEMBLY DISTRICT 034",c-t-ico,O,Open,c-r-ot,H,"State House/Assembly",0,0.00
dt=1&s=WI&y=2000&c-exi=1&c-r-ot=H&c-t-id=48094&c-r-ot=H,c-t-id,48094,"CEKOSH, MIKE",c-t-eid,6651262,"CEKOSH, MIKE",c-t-ftsts,Lost-General,Lost-General,c-t-sts,2,Lost,c-t-pt,139,REPUBLICAN,c-t-p,2,Republican,s,WI,WI,y,2000,2000,c-r-t,1,Standard,c-r-osid,8724,"ASSEMBLY DISTRICT 078",c-t-ico,C,Challenger,c-r-ot,H,"State House/Assembly",0,0.00
dt=1&s=WI&y=2000&c-exi=1&c-r-ot=H&c-t-id=48096&c-r-ot=H,c-t-id,48096,"DALSEY, BERNARD T",c-t-eid,6524506,"DALSEY, BERNARD T",c-t-ftsts,Lost-General,Lost-General,c-t-sts,2,Lost,c-t-pt,73,LIBERTARIAN,c-t-p,3,Third-Party,s,WI,WI,y,2000,2000,c-r-t,1,Standard,c-r-osid,8677,"ASSEMBLY DISTRICT 031",c-t-ico,C,Challenger,c-r-ot,H,"State House/Assembly",0,0.00
dt=1&s=WI&y=2000&c-exi=1&c-r-ot=H&c-t-id=48097&c-r-ot=H,c-t-id,48097,"FIESTADT, CHADWICK",c-t-eid,6532778,"FIESTADT, CHADWICK",c-t-ftsts,Lost-General,Lost-General,c-t-sts,2,Lost,c-t-pt,62,INDEPENDENT,c-t-p,3,Third-Party,s,WI,WI,y,2000,2000,c-r-t,1,Standard,c-r-osid,8702,"ASSEMBLY DISTRICT 056",c-t-ico,O,Open,c-r-ot,H,"State House/Assembly",0,0.00
dt=1&s=WI&y=2000&c-exi=1&c-r-ot=H&c-t-id=48098&c-r-ot=H,c-t-id,48098,"PRITZL, ROBERT J",c-t-eid,6546035,"PRITZL, ROBERT J",c-t-ftsts,Lost-General,Lost-General,c-t-sts,2,Lost,c-t-pt,73,LIBERTARIAN,c-t-p,3,Third-Party,s,WI,WI,y,2000,2000,c-r-t,1,Standard,c-r-osid,8661,"ASSEMBLY DISTRICT 015",c-t-ico,C,Challenger,c-r-ot,H,"State House/Assembly",0,0.00
dt=1&s=WI&y=2000&c-exi=1&c-r-ot=H&c-t-id=102060&c-r-ot=H,c-t-id,102060,"JOHNSRUD, DUWAYNE G",c-t-eid,6588542,"JOHNSRUD, DUWAYNE G",c-t-ftsts,Won-General,Won-General,c-t-sts,1,Won,c-t-pt,139,REPUBLICAN,c-t-p,2,Republican,s,WI,WI,y,2000,2000,c-r-t,1,Standard,c-r-osid,8742,"ASSEMBLY DISTRICT 096",c-t-ico,I,Incumbent,c-r-ot,H,"State House/Assembly",0,0.00
